adult,belongs_to_collection,budget,genres,homepage,id,imdb_id,original_language,original_title,overview,popularity,poster_path,production_companies,production_countries,release_date,revenue,runtime,spoken_languages,status,tagline,title,video,vote_average,vote_count
FALSE,,0,"[{'id': 14, 'name': 'Fantasy'}, {'id': 35, 'name': 'Comedy'}, {'id': 18, 'name': 'Drama'}]",,58372,tt0114241,en,Reckless,"On Christmas eve, a relentlessly cheerful woman escapes from the killers hired by her husband, and embarks on a series of strange encounters.",0.119713,/mIEtFo5z8G6b0r2mxHjfIWT7vy7.jpg,"[{'name': 'Playhouse International Pictures', 'id': 2492}, {'name': 'American Playhouse', 'id': 3906}, {'name': 'Samuel Goldwyn Company, The', 'id': 28205}]","[{'iso_3166_1': 'US', 'name': 'United States of America'}]",11/17/1995,0,91,"[{'iso_639_1': 'en', 'name': 'English'}]",Released,The most twisted Christmas ever.,Reckless,FALSE,10,1
FALSE,,0,"[{'id': 10749, 'name': 'Romance'}, {'id': 12, 'name': 'Adventure'}, {'id': 80, 'name': 'Crime'}, {'id': 18, 'name': 'Drama'}]",,278939,tt0113173,en,Girl in the Cadillac,"A runaway teenage girl and a drifter rob a bank, hit the road to elude the Texas Rangers and find love on the run.",0.405392,/mxrZvc4eLuznyXsFXamQIftVB8J.jpg,"[{'name': 'Overseas FilmGroup', 'id': 888}]","[{'iso_3166_1': 'US', 'name': 'United States of America'}]",10/24/1995,0,89,"[{'iso_639_1': 'en', 'name': 'English'}]",Released,On our first date... we robbed a bank,Girl in the Cadillac,FALSE,10,1
FALSE,,0,"[{'id': 99, 'name': 'Documentary'}]",,73183,tt0113270,en,"The Haunted World of Edward D. Wood, Jr.","The strange life and the wonderfully awful films of 1950's Hollywood Z movie director Ed Wood are profiled in this documentary that was conceived of and researched several years before commercial-filmmaker Tim Burton made his feature film tribute. Actually, Wood does not appear much in this film. Rather, it centers on the lives and thoughts of his entourage and those who knew him. Among those interviewed are Wood's former lover and star of his earliest films, Dolores Fuller, whom he abruptly replaced in the middle of Bride of the Monster with actress Loretta King who is also interviewed.",0.037443,/rarwGANB2L4EcxInVw1Q8TgcfU1.jpg,"[{'name': 'Wood-Thomas Pictures', 'id': 33624}]","[{'iso_3166_1': 'US', 'name': 'United States of America'}]",5/1/1996,0,112,[],Released,Can your MIND stand the SHOCKING TRUTH?,"The Haunted World of Edward D. Wood, Jr.",FALSE,10,1
FALSE,,0,"[{'id': 99, 'name': 'Documentary'}]",,255546,tt0109381,pt,Carmen Miranda: Bananas Is My Business,"A biography of the Portuguese-Brazilian singer Carmen Miranda, whose most distinctive feature was her tutti frutti hat. She came to the US as the ""Brazilian Bombshell"" and was a Broadway and Hollywood star in the 1940s.",0.146287,/llDwjrtUdmLt09PuQhQvdJdK3Tl.jpg,"[{'name': 'Channel Four Films', 'id': 181}, {'name': 'Riofilme', 'id': 21454}]","[{'iso_3166_1': 'BR', 'name': 'Brazil'}, {'iso_3166_1': 'GB', 'name': 'United Kingdom'}]",4/13/1995,0,91,"[{'iso_639_1': 'en', 'name': 'English'}, {'iso_639_1': 'pt', 'name': 'PortuguÃªs'}]",Released,,Carmen Miranda: Bananas Is My Business,FALSE,10,1
FALSE,,0,"[{'id': 18, 'name': 'Drama'}]",,64562,tt0119845,en,Other Voices Other Rooms,"Truman Capote's semi-autobiographical first novel about coming of age in the Deep South during the 1930s centers on 13-year-old Joel Sansom (David Speck), who reunites with his estranged father at the family's shabby plantation, where he must contend with his father's feisty mistress and a strange cousin. Against this less-than-ideal backdrop, Joel slowly matures into an upstanding young man.",0.03668,/AoJSXmiC0oQOmP1F7iKFuCEIKkP.jpg,[],[],9/15/1995,0,0,[],Released,,Other Voices Other Rooms,FALSE,10,1
FALSE,,0,"[{'id': 35, 'name': 'Comedy'}, {'id': 18, 'name': 'Drama'}, {'id': 10751, 'name': 'Family'}]",,78373,tt0118925,en,"Dancer, Texas Pop. 81","Four guys, best friends, have grown up together in DANCER, TEXAS POP. 81, a tiny town in West Texas. Years ago, they made a solemn vow to leave town together as soon as they graduate. Now, it's that weekend and the time has come to ""put up or shut up."" The clock is ticking and as all 81 people in the town watch, comment, offer advice and place bets, these four very different boys with unique backgrounds struggle with the biggest decision of their lives... whether to stay or leave home.",0.567444,/khV9zPcvgOjrqwlk3dI1lGojZib.jpg,"[{'name': 'HSX Films', 'id': 4714}, {'name': 'Chase Productions', 'id': 16517}]","[{'iso_3166_1': 'US', 'name': 'United States of America'}]",5/1/1998,565592,97,"[{'iso_639_1': 'en', 'name': 'English'}]",Released,in the middle of nowhere they had everything,"Dancer, Texas Pop. 81",FALSE,10,1
FALSE,,0,"[{'id': 18, 'name': 'Drama'}]",http://www.thefarmerswifefilm.co.uk/,143750,tt2140519,en,The Farmer's Wife,"As her surroundings are invaded by outsiders, THE FARMER'S WIFE stoically carries out her daily tasks in preparation for what will be her final day on her farm, the only land she has known. Unable to accept this forced future, subconscious memories return that ultimately lead her to connect more to the countryside of her youth than ever before.",0.211754,/ePPNVWyIKYBdsGrOrYVaPKM8DlM.jpg,[],[],6/20/2012,0,18,"[{'iso_639_1': 'en', 'name': 'English'}]",Released,,The Farmer's Wife,FALSE,10,1
FALSE,,0,"[{'id': 35, 'name': 'Comedy'}]",,89861,tt0120210,en,Stiff Upper Lips,"Stiff Upper Lips is a broad parody of British period films, especially the lavish Merchant-Ivory productions of the 'eighties and early 'nineties. Although it specifically targets A Room with a View, Chariots of Fire, Maurice, A Passage to India, and many other films, in a more general way Stiff Upper Lips satirises popular perceptions of certain Edwardian traits: propriety, sexual repression, xenophobia, and class snobbery.",0.882132,/qozMEPtSjU3bvKS9E4DNYzW1h8u.jpg,[],"[{'iso_3166_1': 'GB', 'name': 'United Kingdom'}, {'iso_3166_1': 'IN', 'name': 'India'}]",6/12/1998,0,99,"[{'iso_639_1': 'en', 'name': 'English'}]",Released,,Stiff Upper Lips,FALSE,10,1
FALSE,,0,[],,367647,tt0078588,en,Connections,"Documentary  Follow James Burke through the history of science and technology. In this collection of 10 1-hour episodes, starting with ""The Trigger Effect"".",0.035294,,[],[],,0,0,[],Released,,Connections,FALSE,9,1
FALSE,,0,[],,140101,tt0252335,fr,Combat d'amour en songe,"Raul Ruiz's Love Torn in a Dream is introduced with a fake newsreel, taking place in postwar France, in which the cast of the film meet with the producer, who explains the film's complex weave of nine narratives. A diagram in which each story is represented by a letter of the alphabet explicates the intertwining of the nine tales. As the producer explains each actor's role, the film begins. The stories, rooted in folklore, bump up against each other as the film leaps back and forth in time.",0.663575,/pBYa4b63Cm7nbpKjeCUQunpB9cV.jpg,"[{'name': 'Gemini Films', 'id': 6584}, {'name': 'Madragoa Filmes', 'id': 11143}]","[{'iso_3166_1': 'PT', 'name': 'Portugal'}, {'iso_3166_1': 'FR', 'name': 'France'}, {'iso_3166_1': 'CL', 'name': 'Chile'}]",8/28/2000,0,123,"[{'iso_639_1': 'fr', 'name': 'FranÃ§ais'}, {'iso_639_1': 'pt', 'name': 'PortuguÃªs'}, {'iso_639_1': 'es', 'name': 'EspaÃ±ol'}]",Released,,Love Torn in a Dream,FALSE,9,3
FALSE,,0,"[{'id': 99, 'name': 'Documentary'}]",,126015,tt1552976,en,America before Columbus,"History books traditionally depict the pre-Columbus Americas as a pristine wilderness where small native villages lived in harmony with nature.  But scientific evidence tells a very different story: When Columbus stepped ashore in 1492, millions of people were already living there. America wasnâ€™t exactly a New World, but a very old one whose inhabitants had built a vast infrastructure of cities, orchards, canals and causeways.",0.04366,/vQbL0oYKsp6BeWFZmLtYtLT8DEL.jpg,[],[],11/22/2009,0,91,[],Released,National Geographic presents America Before Columbus,America before Columbus,FALSE,9,1
FALSE,"{'id': 165131, 'name': 'Dreileben', 'poster_path': '/9FT9tlGDC0l6muip8yKL4ZBMKFt.jpg', 'backdrop_path': '/uB7bgHO8L1nTZZOqoQLc3uwRzo8.jpg'}",0,"[{'id': 18, 'name': 'Drama'}]",,94336,tt2587742,de,Dreileben: Etwas Besseres als den Tod,"Johannes is a loner who wants a better job. And then he meets Ana. Ana is attractive and even though her job is even less prestigious than Johannes's, he falls for her. And then she quits her job to be with him (and be dependent on him) and suddenly things become much more serious. She has fallen for him. But does he still love her? Did he ever? Enter Sarah. Sarah is the daughter of Johannes's boss. He and she have a past. Will Sarah and what she represents be his future, and Ana just a memory, something he'd like to erase?",0.085509,/jE7NxXRPmRDly6r2QyyYrKUC3HZ.jpg,"[{'name': 'Schramm Film Koerner & Weber', 'id': 138}, {'name': 'Bayerischer Rundfunk (BR)', 'id': 7333}]","[{'iso_3166_1': 'DE', 'name': 'Germany'}]",4/13/2011,0,88,"[{'iso_639_1': 'de', 'name': 'Deutsch'}]",Released,,Dreileben: Beats Being Dead,FALSE,9,2
FALSE,,0,"[{'id': 99, 'name': 'Documentary'}]",http://thelastmountainmovie.com/,53328,tt1787816,en,The Last Mountain,"In the valleys of Appalachia, a battle is being fought over a mountain, the consequences of which affect every American; it's a battle that has taken innocent lives and threatens to take more. It is a battle over protecting our health and environment from the destructive power of Big Coal. Mining and burning coal is at the epicenter of America's struggle to balance its energy needs with environmental and health concerns. Nowhere is that concern greater than in Coal River Valley, West Virginia, where a small but passionate group of ordinary citizens are trying to stop Big Coal corporations, like Massey Energy, from continuing the devastating practice of Mountain Top Removal.",0.07821,/xApwDtxLNcBgK2j77rzIMQqVkXQ.jpg,"[{'name': 'Falco', 'id': 6606}]","[{'iso_3166_1': 'US', 'name': 'United States of America'}]",6/3/2011,90425,95,"[{'iso_639_1': 'en', 'name': 'English'}]",Post Production,A Fight For Our Future,The Last Mountain,FALSE,9,2
FALSE,,0,"[{'id': 99, 'name': 'Documentary'}, {'id': 36, 'name': 'History'}]",http://www.positionamongthestars.com/,58287,tt1742178,en,Stand van de sterren,"Through the eyes of grandmother Rumidjah, a poor old Christian woman living in the slums of Jakarta, we see the economical changing society of Indonesia and the influence of globalization reflected in the life of her juvenile granddaughter Tari and her sons Bakti and Dwi.",0.49163,/aP2sc3fw6wyJub7cdkc91J82JiQ.jpg,[],"[{'iso_3166_1': 'NL', 'name': 'Netherlands'}, {'iso_3166_1': 'ID', 'name': 'Indonesia'}]",3/3/2011,0,109,"[{'iso_639_1': 'id', 'name': 'Bahasa indonesia'}]",Released,"One family, three generations, facing globalisation in Indonesia",Position Among the Stars,FALSE,9,3
FALSE,,0,"[{'id': 99, 'name': 'Documentary'}]",,105583,tt0196499,en,Diaries Notes and Sketches,An epic portrait of the New York avant-garde art scene of the 60s.,0.397825,/aCUk6nAEIunT99inHjtBDhHtGTI.jpg,[],"[{'iso_3166_1': 'US', 'name': 'United States of America'}]",12/1/1969,0,180,"[{'iso_639_1': 'en', 'name': 'English'}]",Released,,Diaries Notes and Sketches,FALSE,9,3
FALSE,,0,[],,378452,tt0086667,en,The Barchester Chronicles,"When a crusade against the Church of England's practice of self-enrichment misfires, scandal taints the cosy community of Barchester when their local church becomes the object of a scathing, investigative report.",0.027777,/mhP2ifRNhFropPbKqU50YH5hCsm.jpg,[],[],11/10/1982,0,370,[],Released,,The Barchester Chronicles,FALSE,9,1
FALSE,,0,"[{'id': 99, 'name': 'Documentary'}]",,288121,tt0285089,en,Fearful Symmetry,"A documentary about the making of ""To Kill a Mockingbird"".",0.089356,,[],"[{'iso_3166_1': 'US', 'name': 'United States of America'}]",1/1/1998,0,90,"[{'iso_639_1': 'en', 'name': 'English'}]",Released,,Fearful Symmetry,FALSE,9,1
FALSE,,0,"[{'id': 99, 'name': 'Documentary'}]",,288295,tt0996957,en,Lana Turner... a Daughter's Memoir,A rare behind the scenes look at the tragedies and bitter disappointments that plagued one of MGM's most popular leading ladies,0.036478,,[],"[{'iso_3166_1': 'US', 'name': 'United States of America'}]",1/1/2001,0,86,"[{'iso_639_1': 'en', 'name': 'English'}]",Released,,Lana Turner... a Daughter's Memoir,FALSE,9,1
FALSE,,0,"[{'id': 99, 'name': 'Documentary'}]",http://www.apocalypsenow.com,4539,tt0102015,en,Hearts of Darkness: A Filmmaker's Apocalypse,"A chronicle of the production problems â€” including bad weather, actors' health, war near the filming locations, and more â€” which plagued the filming of Apocalypse Now, increasing costs and nearly destroying the life and career of Francis Ford Coppola.",4.617117,/iQLXcATpUxrRdEzxoDqzCgYllnT.jpg,"[{'name': 'American Zoetrope', 'id': 70}, {'name': 'Cineplex-Odeon Films', 'id': 5231}]","[{'iso_3166_1': 'US', 'name': 'United States of America'}]",9/6/1991,0,96,"[{'iso_639_1': 'en', 'name': 'English'}]",Released,The magic and madness of making Apocalypse Now,Hearts of Darkness: A Filmmaker's Apocalypse,FALSE,8,61
FALSE,,0,"[{'id': 35, 'name': 'Comedy'}, {'id': 80, 'name': 'Crime'}]",,47252,tt0102313,en,The Linguini Incident,"The Linguini Incident is a 1991 American comedic film set in New York starring David Bowie and Rosanna Arquette. The film was directed by Richard Shepard, who co-wrote the script with Tamar Brott. Marlee Matlin, Buck Henry and Iman co-star.  Lucy (Arquette) is a frustrated magician, specifically an escape artist, who is obsessed with becoming a modern female version of Harry Houdini. She collects Houdini artifacts and waits for her big break while working as a waitress at a trendy Manhattan restaurant. With British bartender, Monte (Bowie), and her roommate Vivian, she arranges a heist of the restaurant. Monte is also determined to get Lucy to marry him, under the pretense that he needs his green card.",0.073196,/ybl4cMbCvjBmIFueOX1ehipuYNP.jpg,"[{'name': 'Isolar', 'id': 36122}]","[{'iso_3166_1': 'US', 'name': 'United States of America'}]",1/1/1991,0,98,"[{'iso_639_1': 'en', 'name': 'English'}]",Released,He wants to be tied down. She wants to be tied up. It's not what you think.,The Linguini Incident,FALSE,8,2
FALSE,,0,"[{'id': 18, 'name': 'Drama'}, {'id': 10752, 'name': 'War'}]",,29927,tt0116860,sr,Lepa sela lepo gore,"In the opening stages of the Bosnian War, a small group of Serbian soldiers are trapped in a tunnel by a Muslim force.",2.245575,/jbGHYtLdlS175kEXS1XysnDcLVy.jpg,"[{'name': 'Radio Televizija Srbije', 'id': 13027}, {'name': 'Cobra Films', 'id': 37535}, {'name': 'MCRS', 'id': 83034}]","[{'iso_3166_1': 'RS', 'name': 'Serbia'}]",5/11/1996,0,115,"[{'iso_639_1': 'bs', 'name': 'Bosanski'}, {'iso_639_1': 'en', 'name': 'English'}, {'iso_639_1': 'sr', 'name': 'Srpski'}]",Released,,"Pretty Village, Pretty Flame",FALSE,8,28
FALSE,,0,"[{'id': 53, 'name': 'Thriller'}]",,274669,tt0219887,cn,é?çåœ¨é‚?ç·£,"Rookie policeman Shing (Louis Koo) grapples with right and wrong in this action-packed story about Hong Kong gangsters. Assigned to go undercover, Shing is so successful in playing the part of a gang member that he becomes right-hand man to gang leader Fei Ling (Andy Lau). Shing comes to respect Fei Ling and question his original motives, but the troubled cop must make a crucial decision before rival gangs and impatient cops move in for the kill.",0.794382,/dVymFVEyBUzlvWaDr2eL1cDrS8Z.jpg,[],[],10/15/1999,0,0,"[{'iso_639_1': 'cn', 'name': 'å?¿å·?è¯ù / å»£å·?è©±'}]",Released,,Century of the Dragon,FALSE,8,2
FALSE,"{'id': 4563, 'name': 'The Vengeance Collection', 'poster_path': '/ilyS5xmHzMtTq4ngVRNKvZEbSRo.jpg', 'backdrop_path': '/t5zZZOvXK8m5z1omMdEEWcL6ywl.jpg'}",3000000,"[{'id': 18, 'name': 'Drama'}, {'id': 53, 'name': 'Thriller'}, {'id': 9648, 'name': 'Mystery'}, {'id': 28, 'name': 'Action'}]",,670,tt0364569,ko,ì˜¬ë“œë?´ìù´,"With no clue how he came to be imprisoned, drugged and tortured for 15 years, a desperate businessman seeks revenge on his captors.",10.616859,/rIZX6X0MIHYEebk6W4LABT9VP2c.jpg,"[{'name': 'Egg Films', 'id': 398}, {'name': 'Show East', 'id': 399}]","[{'iso_3166_1': 'KR', 'name': 'South Korea'}]",1/1/2003,14980005,120,"[{'iso_639_1': 'ko', 'name': 'í•œêµ?ì–´/ì¡°ì„ ë§ê'}]",Released,"15 years of imprisonment, five days of vengeance",Oldboy,FALSE,8,2000
FALSE,,0,"[{'id': 35, 'name': 'Comedy'}, {'id': 10402, 'name': 'Music'}]",,43872,tt0027387,en,Born to Dance,"Sailor Ted meets and falls in love with Nora Paige, an aspiring Broadway show dancer, at the Lonely Hearts Club. After Ted rescues Lucy James' Pekinese during a public relations campaign on his submarine, Lucy falls in love with Ted; and Ted's captain orders him to meet Lucy for a date at a night club breaking a date with Nora. When she sees a picture of Ted and Lucy in the newspaper, Nora, who lives with Jenny and her daughter (Jenny's husband is Gunny), no longer wants anything to do with Ted.",0.370507,/70AuRQClUSOZayCJ4EerulG2Z0R.jpg,"[{'name': 'Metro-Goldwyn-Mayer (MGM)', 'id': 8411}]","[{'iso_3166_1': 'US', 'name': 'United States of America'}]",11/27/1936,0,106,"[{'iso_639_1': 'en', 'name': 'English'}]",Released,M*G*M's successor to 'THE GREAT ZIEGFELD',Born to Dance,FALSE,8,1
FALSE,,0,"[{'id': 18, 'name': 'Drama'}]",,32546,tt0329330,es,Lugares comunes,,0.477275,/vir9QC4veef3Bu163ragOB9yUOo.jpg,"[{'name': 'Instituto Nacional de Cine y Artes Audiovisuales (INCAA)', 'id': 6458}, {'name': 'TelevisiÃ?n EspaÃ±ola (TVE)', 'id': 6639}, {'name': 'Instituto de la CinematografÃ?a y de las Artes Audiovisuales (ICAA)', 'id': 9974}, {'name': 'Adolfo Aristarain', 'id': 30290}, {'name': 'Tornasol Films S.A.', 'id': 45190}]","[{'iso_3166_1': 'AR', 'name': 'Argentina'}, {'iso_3166_1': 'ES', 'name': 'Spain'}]",10/4/2002,0,110,"[{'iso_639_1': 'es', 'name': 'EspaÃ±ol'}]",Released,,Lugares comunes,FALSE,8,4
FALSE,,0,[],,56655,tt0408017,en,Mustafa HakkÄ±nda Her Å?ey,"A man is forced to confront his past after he loses everything in an accident. Mustafa is a successful business man living a seemingly great life with his family when an accident takes it all away from him and leaves him with many questions and a cab driver, Fikret, who can answer it all. Mustafa is due to get a lot more than what he bargained for, however, as his interrogations take him to long-forgotten childhood memories and force him to see his formerly perfect life from a very different perspective.",1.014129,/izdG01ANotqqt4kdK9EcDtZhZ2D.jpg,[],[],3/19/2004,0,0,[],Released,,Everything about Mustafa,FALSE,8,9
FALSE,,0,"[{'id': 18, 'name': 'Drama'}, {'id': 10749, 'name': 'Romance'}]",,43824,tt0033238,en,Waterloo Bridge,"On the eve of World War II, a British officer revisits Waterloo Bridge and recalls the young man he was at the beginning of World War I and the young ballerina he met just before he left for the front. Myra stayed with him past curfew and is thrown out of the corps de ballet. She survives on the streets of London, falling even lower after she hears her true love has been killed in action. But he wasn't killed. Those terrible years were nothing more than a bad dream is Myra's hope after Roy finds her and takes her to his family's country estate.",2.034638,/r3UnDylm6nLgqlh2n2qbZNXeQGV.jpg,"[{'name': 'Metro-Goldwyn-Mayer (MGM)', 'id': 8411}]","[{'iso_3166_1': 'US', 'name': 'United States of America'}]",5/17/1940,0,108,"[{'iso_639_1': 'en', 'name': 'English'}]",Released,,Waterloo Bridge,FALSE,8,28
FALSE,,0,"[{'id': 18, 'name': 'Drama'}, {'id': 10752, 'name': 'War'}]",,50183,tt0075404,ru,?’??ÑÅÑ…???¶?´?µ???¸?µ,"Two Soviet partisans leave their starving band to get supplies from a nearby farm. The Germans have reached the farm first, so the pair must go on a journey deep into occupied territory, a voyage that will also take them deep into their souls.",2.113171,/eZ2RqIznbQpogQtyKFsSQxoP2VK.jpg,"[{'name': 'Mosfilm', 'id': 5120}]","[{'iso_3166_1': 'RU', 'name': 'Russia'}]",4/2/1977,0,111,"[{'iso_639_1': 'de', 'name': 'Deutsch'}, {'iso_639_1': 'ru', 'name': 'PÑƒÑÅÑÅ?º?¸??'}]",Released,,The Ascent,FALSE,8,28
FALSE,,0,"[{'id': 18, 'name': 'Drama'}, {'id': 35, 'name': 'Comedy'}, {'id': 10749, 'name': 'Romance'}, {'id': 10769, 'name': 'Foreign'}]",,56946,tt0379577,it,Vodka Lemon,"Hamo, a handsome 60-year old man, lives alone in a Romenian village with one of his daughters and his granddaughter. He also owns a retirement of seven dollars per month, a closet, an old russian television set and a military costume.A letter from his second daughter arrives from France.A rumor runs through the village: the envelope would be full of money...But Hamo doesn't think but of the beautiful unknown girl from the cemetery.",0.977228,/doOXUBLOThI2qvXtIrXj1lhH3VK.jpg,"[{'name': 'Paradise Films', 'id': 10645}, {'name': 'Amka Films Productions', 'id': 71818}, {'name': 'DulcinÃ© Films', 'id': 81974}]","[{'iso_3166_1': 'CH', 'name': 'Switzerland'}, {'iso_3166_1': 'FR', 'name': 'France'}, {'iso_3166_1': 'AM', 'name': 'Armenia'}, {'iso_3166_1': 'IT', 'name': 'Italy'}]",11/21/2003,0,87,"[{'iso_639_1': 'hy', 'name': ''}, {'iso_639_1': 'fr', 'name': 'FranÃ§ais'}, {'iso_639_1': 'ku', 'name': ''}, {'iso_639_1': 'ru', 'name': 'PÑƒÑÅÑÅ?º?¸??'}]",Released,,Vodka Lemon,FALSE,8,4
FALSE,,0,"[{'id': 18, 'name': 'Drama'}, {'id': 10749, 'name': 'Romance'}]",,17595,tt0346800,en,Cowards Bend the Knee,"Story of Guy Maddin, hockey player for the Maroons, and son of a local hairdresser/abortion doctor. Guy tries to overcome his own cowardice (and multiple head-knocks) as he navigates through a dream-like Winnipeg.",1.350831,/cH6xrbjGB7OIJQdHkmCDqxG9vx3.jpg,[],"[{'iso_3166_1': 'CA', 'name': 'Canada'}]",1/1/2003,0,64,"[{'iso_639_1': 'en', 'name': 'English'}]",Released,,Cowards Bend the Knee,FALSE,8,3
FALSE,,0,"[{'id': 35, 'name': 'Comedy'}, {'id': 10402, 'name': 'Music'}, {'id': 10749, 'name': 'Romance'}]",,33117,tt0043030,en,Tea for Two,"In this reworking of ""No, No, Nanette,"" wealthy heiress Nanette Carter bets her uncle $25,000 that she can say ""no"" to everything for 48 hours. If she wins, she can invest the money in a Broadway show featuring songs written by her beau, and of course, in which she will star. Trouble is, she doesn't realize her uncle's been wiped out by the Stock Market crash.",1.196395,/wm8EfaHijeTus44Sv2lXF4oHSP.jpg,"[{'name': 'Warner Bros.', 'id': 6194}]","[{'iso_3166_1': 'US', 'name': 'United States of America'}]",9/2/1950,0,98,"[{'iso_639_1': 'en', 'name': 'English'}]",Released,Everybody's goin' gay with --,Tea for Two,FALSE,8,1
FALSE,,0,"[{'id': 18, 'name': 'Drama'}, {'id': 12, 'name': 'Adventure'}, {'id': 10749, 'name': 'Romance'}]",,108994,tt0039437,en,Green Dolphin Street,"Sophie loved Edmund, but he left town when her parents forced her to marry wealthy Octavius. Years later, Edmund returns with his son, William. Sophie's daughter, Marguerite, and William fall in love. Marguerite's sister, Marianne, also loves William. Timothy, a lowly carpenter, secretly loves Marianne. He kills a man in a fight, and Edmund helps him flee to New Zealand. William deserts inadvertently from the navy, and also flees in disgrace to New Zealand, where he and Timothy start a profitable business. One night, drunk, William writes Octavius, demanding his daughter's hand; but, being drunk, he asks for the wrong sister.",0.210988,/sazvgRTqGGyMEP0sFRiZJyXuiSB.jpg,"[{'name': 'Metro-Goldwyn-Mayer (MGM)', 'id': 8411}]","[{'iso_3166_1': 'US', 'name': 'United States of America'}]",11/5/1947,0,141,"[{'iso_639_1': 'en', 'name': 'English'}]",Released,A Fiery Girl Who Dares The Dangers Of The Sea And A Savage Land... Fighting For The Love Of A Bold Adventurer!,Green Dolphin Street,FALSE,8,1
FALSE,,0,[],,143223,tt0262411,en,Fatty Drives the Bus,"Oh no! It appears as if Satan isn't going to fill his soul quota this month! So of course, he turns himself into a tour guide and takes a bus-load of unsuspecting tourists on a ride down the highway to hell.",0.140298,/bQXfsWcpybm8KP12XPqSFkqS2Vs.jpg,[],[],3/14/1999,0,82,[],Released,,Fatty Drives the Bus,FALSE,8,1
FALSE,,0,"[{'id': 18, 'name': 'Drama'}, {'id': 10749, 'name': 'Romance'}]",,48693,tt0070359,fr,La maman et la putain,"In this sexually frank French drama, the aimless young Alexandre  juggles his relationships with his girlfriend, Marie, and a casual lover named Veronika. The dialogue-heavy film focuses intently on the love triangle, with Marie increasingly jealous of Alexandre's fling with Veronika. As the trio continues their unsustainable affair, the emotional stakes get higher, leading to conflict and unhappiness.",2.301664,/AgkkPJpeRTfqZqyfG4jaokIHuCk.jpg,"[{'name': 'Les Films du Losange', 'id': 223}, {'name': 'V.M. Productions', 'id': 1628}, {'name': 'Elite Films', 'id': 8617}, {'name': 'CinÃ© Qua Non', 'id': 8618}, {'name': 'Simar Films', 'id': 21466}]","[{'iso_3166_1': 'FR', 'name': 'France'}]",5/1/1973,0,217,"[{'iso_639_1': 'fr', 'name': 'FranÃ§ais'}]",Released,,The Mother and the Whore,FALSE,8,31
FALSE,,0,"[{'id': 12, 'name': 'Adventure'}, {'id': 16, 'name': 'Animation'}, {'id': 9648, 'name': 'Mystery'}]",http://www.mindgame.jp,21712,tt0452039,ja,Mind Game,"The film follows Nishi, a loser who has a crush on his childhood girlfriend. After an encounter with the Japanese mafia, the film follows Nishi as he journeys to heaven and back, and ends up trapped in an even more unlikely place.",3.586257,/yG195r5lEfYN7HCf5XtDT050a9o.jpg,"[{'name': 'Asmik Ace Entertainment', 'id': 3033}, {'name': 'Studio 4Â°C', 'id': 11671}]","[{'iso_3166_1': 'JP', 'name': 'Japan'}]",8/7/2004,0,103,"[{'iso_639_1': 'ja', 'name': 'æ—¥æœ¬èª?'}]",Released,,Mind Game,FALSE,8,46
FALSE,,0,"[{'id': 99, 'name': 'Documentary'}]",http://iraqforsale.org/,40862,tt0815181,en,Iraq for Sale: The War Profiteers,"Documentary portraying the actions of U.S. corporate contractors in the U.S.-Iraq war. Interviews with employees and former employees of such companies as Halliburton, CACI, and KBR suggest that government cronyism is behind apparent ""sweetheart"" deals that give such contractors enormous freedom to profit from supplying support and material to American troops while providing little oversight. Survivors of employees who were killed discuss the claim that the companies cared more for profit than for the welfare of their own workers, and soldiers indicate that the quality of services provided is sub-standard and severely in contradiction to the comparatively huge profits being generated. Also depicted are the unsuccessful attempts by the filmmakers to get company spokesmen to respond to the charges made by the interviewees.",0.303529,/t4gyeCWnBsTimm1ZzeWrQxK2MlA.jpg,[],[],1/1/2006,0,75,"[{'iso_639_1': 'en', 'name': 'English'}]",Released,,Iraq for Sale: The War Profiteers,FALSE,8,6
FALSE,,0,"[{'id': 35, 'name': 'Comedy'}, {'id': 18, 'name': 'Drama'}]",,111642,tt0030746,en,St. Martin's Lane,"On the sidewalks of the London theater district the buskers (street performers) earn enough coins for a cheap room. Charles, who recites dramatic monologues, sees that a young pickpocket, Libby, also has a talent for dancing and adds her to his act. Harley, the theater patron who never knew Libby took his gold cigarette case, is impressed by Libby's dancing and invites her to bring Charles and the other buskers in his group to an after-the-play party. Libby comes alone. A theatrical career is launched.",2.115376,/gurlaKU0THaY36S1CFokyFLNIJ5.jpg,"[{'name': 'Mayflower Pictures Corporation', 'id': 14701}]","[{'iso_3166_1': 'GB', 'name': 'United Kingdom'}]",10/18/1938,0,85,"[{'iso_639_1': 'en', 'name': 'English'}]",Released,A Heart-Stirring Drama of Peace-Time London!,St. Martin's Lane,FALSE,8,5
FALSE,,0,"[{'id': 28, 'name': 'Action'}, {'id': 80, 'name': 'Crime'}]",,37766,tt0497539,no,Uro,"Turning his back on a delinquent past and joining the police force, HP is determined to start doing the right thing. Soon he finds himself trapped in a web of lies, stretching out from both sides of the law. HP soon realizes that his present mission is closely connected to his own past, and that everything he worked so hard to escape from, is coming back to haunt him.",0.573746,/1y62KpmX4HgyJlzB4eHXPTq8np0.jpg,[],"[{'iso_3166_1': 'NO', 'name': 'Norway'}]",8/25/2006,0,104,"[{'iso_639_1': 'da', 'name': 'Dansk'}, {'iso_639_1': 'de', 'name': 'Deutsch'}, {'iso_639_1': 'no', 'name': 'Norsk'}, {'iso_639_1': 'sv', 'name': 'svenska'}]",Released,,Uro,FALSE,7,8
FALSE,,0,"[{'id': 35, 'name': 'Comedy'}]",,94618,tt0044566,en,Dreamboat,"Thornton Sayre (Clifton Webb), a respected college professor - secretly formerly a Silent films romantic action hero - is disturbed, feeling his privacy has been violated, and his professional credibility as a scholar jeopardized, when he learns his old movies have been resurrected and are being aired on TV. He sets out to demand this cease. However, his former co-star (Ginger Rogers) is the hostess of the TV show playing the films, and she has other plans.",0.479288,/p2z7kwBZmn4uRkWeVUfROVI0tzT.jpg,"[{'name': 'Twentieth Century Fox Film Corporation', 'id': 306}]","[{'iso_3166_1': 'US', 'name': 'United States of America'}]",7/26/1952,0,83,"[{'iso_639_1': 'en', 'name': 'English'}]",Released,,Dreamboat,FALSE,7,5
FALSE,,0,"[{'id': 99, 'name': 'Documentary'}, {'id': 10402, 'name': 'Music'}]",,42039,tt0870210,en,All Tomorrow's Parties,A kaleidoscopic journey into the parallel musical universe of cult music festival All Tomorrow's Parties.,0.413309,/aVtfeJd4gfiXiAQ39GI4g7Bahaq.jpg,[],[],1/1/2009,0,82,"[{'iso_639_1': 'en', 'name': 'English'}]",Released,,All Tomorrow's Parties,FALSE,7,2
FALSE,,0,"[{'id': 99, 'name': 'Documentary'}]",http://babiesthemovie.com/,44737,tt1020938,fr,BÃ©bÃ©s,"Babies, also known as Baby(ies) and BÃ©bÃ©(s), is a 2009 French documentary film by Thomas BalmÃ¨s that follows four infants from birth to when they are one year old. The babies featured in the film are two from rural areas: Ponijao from Opuwo, Namibia, and Bayar from Bayanchandmani, Mongolia, as well as two from urban areas: Mari from Tokyo, Japan, and Hattie from San Francisco, USA.",2.667622,/flWYAPe4JPaGom7hcSHrKmontrn.jpg,"[{'name': 'Studio Canal', 'id': 5870}]","[{'iso_3166_1': 'FR', 'name': 'France'}]",5/7/2010,0,79,"[{'iso_639_1': 'fr', 'name': 'FranÃ§ais'}, {'iso_639_1': 'ja', 'name': 'æ—¥æœ¬èª?'}, {'iso_639_1': 'mn', 'name': ''}]",Released,Everybody loves...,Babies,FALSE,7,52
FALSE,,0,"[{'id': 18, 'name': 'Drama'}]",,102286,tt0058091,en,Fate Is the Hunter,"A man refuses to believe that pilot error caused a fatal crash, and persists in looking for another reason. Airliner crashes near Los Angeles due to unusual string of coincidences. Stewardess, who is sole survivor, joins airline executives in discovering the causes of the crash.",1.640499,/y3Vfs7DbIHkJaJOgREwpR0VEd3k.jpg,"[{'name': 'Twentieth Century Fox Film Corporation', 'id': 306}]",[],11/8/1964,0,106,"[{'iso_639_1': 'en', 'name': 'English'}]",Released,He played with death to prove a theory,Fate Is the Hunter,FALSE,7,5
FALSE,,0,"[{'id': 18, 'name': 'Drama'}]",,31900,tt1329457,fr,Gainsbourg (vie hÃ©roÃ¯que),"A glimpse at the life of French singer Serge Gainsbourg, from growing up in 1940s Nazi-occupied Paris through his successful song-writing years in the 1960s to his death in 1991 at the age of 62.",11.021373,/psrukBNrMfE00ibI2G1D4eV0oYS.jpg,"[{'name': 'France 2 CinÃ©ma', 'id': 83}, {'name': 'Studio 37', 'id': 2577}, {'name': 'One World Films', 'id': 5725}, {'name': 'Universal Pictures International (UPI)', 'id': 5726}, {'name': 'Lilou Film', 'id': 5727}]","[{'iso_3166_1': 'FR', 'name': 'France'}]",1/20/2010,0,130,"[{'iso_639_1': 'fr', 'name': 'FranÃ§ais'}]",Released,,Gainsbourg: A Heroic Life,FALSE,7,88
FALSE,,0,"[{'id': 18, 'name': 'Drama'}, {'id': 10769, 'name': 'Foreign'}, {'id': 10749, 'name': 'Romance'}]",,42085,tt0087027,es,Camila,"In Buenos Aires of the 1840s, a young Jesuit and a wealthy socialite fall in love and begin a torrid affair. They escape from the city, and, in disguise, set up house in a village, assuming they are safe and beyond the cares of anyone. However, both the church and Camila's family are enraged, vowing to hunt down the lovers for a capital crime. Based on a true story.",0.265963,/5YFteQzqTZzMWAcSAUbKqC74cRo.jpg,[],"[{'iso_3166_1': 'ES', 'name': 'Spain'}, {'iso_3166_1': 'AR', 'name': 'Argentina'}]",5/17/1984,0,105,"[{'iso_639_1': 'es', 'name': 'EspaÃ±ol'}]",Released,,Camila,FALSE,7,4
FALSE,,0,"[{'id': 18, 'name': 'Drama'}, {'id': 53, 'name': 'Thriller'}]",,105737,tt0089124,sv,Falsk som vatten,John is the owner of a small publishing company. One day John meets the poet Clara and falls in love with her. A movie about jealousy and death.,0.160993,/iJXmiDkY8jlT1O7icp57TiT0FbI.jpg,"[{'name': 'Svensk Filmindustri (SF)', 'id': 6181}, {'name': 'Svenska Ord', 'id': 78546}]","[{'iso_3166_1': 'SE', 'name': 'Sweden'}]",11/8/1985,0,102,"[{'iso_639_1': 'sv', 'name': 'svenska'}]",Released,,False as Water,FALSE,7,2
FALSE,,0,"[{'id': 99, 'name': 'Documentary'}, {'id': 10402, 'name': 'Music'}]",http://stillbillthemovie.com,55063,tt1333117,en,Still Bill,"STILL BILL is an intimate portrait of soul legend Bill Withers, best known for his classics â€œAinâ€™t No Sunshine,â€ù â€œLean On Me,â€ù â€œLovely Day,â€ù â€œGrandmaâ€™s Hands,â€ù and â€œJust the Two of Us.â€ù With his soulful delivery and warm, heartfelt sincerity, Withers has written the songs that have â€“ and always will â€“ resonate deeply within the fabric of our times. Filmmakers Damani Baker and Alex Vlack follow Withers and offer a unique and rare look inside the world of this fascinating man. Through concert footage, journeys to his birthplace, interviews with music legends, his family and closest friends, STILL BILL presents the story of an artist who has written some of the most beloved songs in our time and who truly understands the heart and soul of a man.",0.589117,/shfLgTt8PGax80iZgvMqEs9S7is.jpg,"[{'name': 'Late Night and Weekends', 'id': 43916}]","[{'iso_3166_1': 'US', 'name': 'United States of America'}]",1/27/2010,0,78,"[{'iso_639_1': 'en', 'name': 'English'}]",Released,You know the music. Now meet the man.,Still Bill,FALSE,7,1
FALSE,"{'id': 290933, 'name': 'Superman / Batman (Animated) Collection', 'poster_path': '/tDe32hLCHxIcGNEwmuL3u9doCqX.jpg', 'backdrop_path': '/leoLyMvUq2qExFZMtI8XAHNWQ94.jpg'}",3500000,"[{'id': 28, 'name': 'Action'}, {'id': 12, 'name': 'Adventure'}, {'id': 16, 'name': 'Animation'}]",http://warnervideo.com/supermanbatmanapocalypse//,45162,tt1673430,en,Superman/Batman: Apocalypse,"Batman discovers a mysterious teen-aged girl with superhuman powers and a connection to Superman. When the girl comes to the attention of Darkseid, the evil overlord of Apokolips, events take a decidedly dangerous turn.",5.860115,/wNtrbql45NqvomsYKr3uHXgFj2D.jpg,"[{'name': 'DC Comics', 'id': 429}, {'name': 'Warner Premiere', 'id': 4811}]","[{'iso_3166_1': 'US', 'name': 'United States of America'}]",9/28/2010,0,78,"[{'iso_639_1': 'en', 'name': 'English'}]",Released,The end is near.,Superman/Batman: Apocalypse,FALSE,7,171
FALSE,,37000000,"[{'id': 80, 'name': 'Crime'}, {'id': 18, 'name': 'Drama'}, {'id': 53, 'name': 'Thriller'}]",http://thetownmovie.warnerbros.com/,23168,tt0840361,en,The Town,"Doug MacRay is a longtime thief, who, smarter than the rest of his crew, is looking for his chance to exit the game. When a bank job leads to the group kidnapping an attractive branch manager, he takes on the role of monitoring her â€“ but their burgeoning relationship threatens to unveil the identities of Doug and his crew to the FBI Agent who is on their case.",13.081203,/zX4fKmDXKGt4hlzhAJirdlRKFgO.jpg,"[{'name': 'Legendary Pictures', 'id': 923}, {'name': 'GK Films', 'id': 3281}, {'name': 'Thunder Road Pictures', 'id': 3528}, {'name': 'Warner Bros.', 'id': 6194}]","[{'iso_3166_1': 'US', 'name': 'United States of America'}]",9/15/2010,154026136,125,"[{'iso_639_1': 'en', 'name': 'English'}]",Released,Welcome to the bank robbery capital of America.,The Town,FALSE,7,1516
FALSE,,12500000,"[{'id': 18, 'name': 'Drama'}]",http://www.foxsearchlight.com/conviction/,45094,tt1244754,en,Conviction,"When Betty Anne Waters' older brother Kenny is arrested for murder and sentenced to life in 1983, Betty Anne, a Massachusetts wife and mother of two, dedicates her life to overturning the murder conviction. Convinced that her brother is innocent, Betty Anne puts herself through high school, college and, finally, law school in an 18 year quest to free Kenny. With the help of best friend Abra Rice, Betty Anne pores through suspicious evidence mounted by small town cop Nancy Taylor, meticulously retracing the steps that led to Kenny's arrest. Belief in her brother - and her quest for the truth - pushes Betty Anne and her team to uncover the facts and utilize DNA evidence with the hope of exonerating Kenny.",11.024462,/WHmcvCVpbSSnj4UjUUCfQwuiGo.jpg,"[{'name': 'Oceana Media Finance', 'id': 4634}, {'name': 'Pantheon Entertainment Corporation', 'id': 5986}, {'name': 'Innocence Productions', 'id': 5987}, {'name': 'Prescience', 'id': 6901}, {'name': 'Omega Entertainment', 'id': 8101}, {'name': 'Longfellow Pictures', 'id': 8802}]","[{'iso_3166_1': 'US', 'name': 'United States of America'}]",9/11/2010,6732980,107,"[{'iso_639_1': 'en', 'name': 'English'}]",Released,An extraordinary journey of how far we go to fight for our family.,Conviction,FALSE,7,195
FALSE,,0,"[{'id': 35, 'name': 'Comedy'}, {'id': 10749, 'name': 'Romance'}]",,111315,tt0030442,en,Merrily We Live,"Dizzy society matron Emily Kilbourne has a habit of hiring ex-cons and hobos as servants. Her latest find is a handsome ""tramp"" who shows up at her doorstep and soon ends up in a chauffeur's uniform. He also catches the eye of her pretty Geraldine.",0.385545,/ctuRl8Br8zIqcokO9GYrbPJCAH0.jpg,"[{'name': 'Hal Roach Studios', 'id': 2159}]","[{'iso_3166_1': 'US', 'name': 'United States of America'}]",3/4/1938,0,95,"[{'iso_639_1': 'en', 'name': 'English'}]",Released,"IT TOPS ""TOPPER"" BY A HUNDRED HOWLS!",Merrily We Live,FALSE,7,2
FALSE,,0,"[{'id': 35, 'name': 'Comedy'}, {'id': 18, 'name': 'Drama'}]",,19597,tt1442519,fr,Le hÃ©risson,"Paloma is a serious and highly articulate but deeply bored 11-year-old who has decided to kill herself on her 12th birthday. Fascinated by art and philosophy, she questions and documents her life and immediate circle, drawing trenchant and often hilarious observations on the world around her. But as her appointment with death approaches, Paloma finally meets some kindred spirits in her building's grumpy janitor and an enigmatic, elegant neighbor, both of whom inspire Paloma to question her rather pessimistic outlook on life.",7.943677,/ssHXihUPOXTZBaik3kpM9DMlj0j.jpg,"[{'name': 'France 2 CinÃ©ma', 'id': 83}, {'name': 'Les Films des Tournelles', 'id': 2280}, {'name': 'PathÃ©', 'id': 7981}, {'name': 'Eagle Pictures', 'id': 10400}]","[{'iso_3166_1': 'IT', 'name': 'Italy'}, {'iso_3166_1': 'FR', 'name': 'France'}]",7/3/2009,0,100,"[{'iso_639_1': 'fr', 'name': 'FranÃ§ais'}, {'iso_639_1': 'ja', 'name': 'æ—¥æœ¬èª?'}]",Released,Let Life In.,The Hedgehog,FALSE,7,80
FALSE,,0,"[{'id': 18, 'name': 'Drama'}]",http://www.screenmediafilms.net/americanaffair/,20263,tt0899138,en,An American Affair,"In the early 1960s, teenager Adam Stafford (Cameron Bright) becomes obsessed with his new neighbor, Catherine Caswell (Gretchen Mol), a divorcÃ©e and free spirit. Stafford spies on Caswell as she meets with strange men, and, despite the warnings of his conservative parents, he begins working for her as a gardener. Amid rumors of her affair with President Kennedy, the two become close, but political intrigue surrounding her acquaintances soon infringes on their friendship.",2.307534,/foRA823cEDugTzaMT8MX7pDQkIX.jpg,"[{'name': 'Astrakan Films', 'id': 39530}]","[{'iso_3166_1': 'US', 'name': 'United States of America'}]",11/27/2008,0,93,"[{'iso_639_1': 'en', 'name': 'English'}]",Released,What can you do for your country?,An American Affair,FALSE,7,8
FALSE,,0,"[{'id': 18, 'name': 'Drama'}]",,63611,tt0479221,es,Bajo las estrellas,"Selfish, opportunistic Benito returns to his home in Navarre when he learns that his father is dying. There, he reconnects with his younger brother Lalo, a metal sculptor who is emotionally needy. Benito also develops a surprising bond with Ainara, the young daughter of his brother's girlfriend, Nines.",0.313065,/yxz2w0YP4CxbfNuHDyJsVx2IvFg.jpg,"[{'name': 'Instituto de la CinematografÃ?a y de las Artes Audiovisuales (ICAA)', 'id': 9974}, {'name': 'Fernando Trueba Producciones CinematogrÃ¡ficas', 'id': 21108}]","[{'iso_3166_1': 'ES', 'name': 'Spain'}]",3/15/2007,0,108,"[{'iso_639_1': 'es', 'name': 'EspaÃ±ol'}]",Released,,Under the Stars,FALSE,7,3
FALSE,,0,"[{'id': 28, 'name': 'Action'}, {'id': 18, 'name': 'Drama'}]",,114333,tt0060223,es,La caza,"Three men go hunting rabbits during a hot day. Heat and talking about events happened in the past make them angry, until they go totally crazy.",0.298873,/wiKMR86cRrJQMRCFM3dLLHxtm2t.jpg,"[{'name': 'ElÃ?as Querejeta Producciones CinematogrÃ¡ficas S.L.', 'id': 12009}]","[{'iso_3166_1': 'ES', 'name': 'Spain'}]",11/7/1966,0,91,"[{'iso_639_1': 'es', 'name': 'EspaÃ±ol'}]",Released,,The Hunt,FALSE,7,8
FALSE,,0,"[{'id': 18, 'name': 'Drama'}, {'id': 10749, 'name': 'Romance'}]",,182756,tt0037980,en,Perfect Strangers,Robert Donat and Deborah Kerr as a married couple whose relationship is shaken by their service in the Second World War.,0.045629,/8ermVyz3CeLYVyL6zBz1VdPU2v1.jpg,"[{'name': 'London Film Productions', 'id': 659}]","[{'iso_3166_1': 'GB', 'name': 'United Kingdom'}]",10/15/1945,0,102,"[{'iso_639_1': 'en', 'name': 'English'}]",Released,Mr. Chips Is Back In A New Thrilling Romance!,Perfect Strangers,FALSE,7,1
FALSE,,18000000,"[{'id': 12, 'name': 'Adventure'}, {'id': 18, 'name': 'Drama'}, {'id': 53, 'name': 'Thriller'}]",,44115,tt1542344,en,127 Hours,The true story of mountain climber Aron Ralston's remarkable adventure to save himself after a fallen boulder crashes on his arm and traps him in an isolated canyon in Utah.,11.176797,/c6Nu7UjhGCQtV16WXabqOQfikK6.jpg,"[{'name': 'Fox Searchlight Pictures', 'id': 43}, {'name': 'Warner Bros.', 'id': 6194}, {'name': 'Cloud Eight Films', 'id': 6708}, {'name': 'PathÃ©', 'id': 7981}, {'name': 'Film4', 'id': 9349}, {'name': 'Everest Entertainment', 'id': 10892}, {'name': 'HandMade Films', 'id': 20076}]","[{'iso_3166_1': 'GB', 'name': 'United Kingdom'}, {'iso_3166_1': 'US', 'name': 'United States of America'}]",11/5/2010,35692920,94,"[{'iso_639_1': 'en', 'name': 'English'}]",Released,There is no force more powerful than the will to live.,127 Hours,FALSE,7,2668
FALSE,,0,"[{'id': 53, 'name': 'Thriller'}, {'id': 18, 'name': 'Drama'}, {'id': 80, 'name': 'Crime'}]",,34208,tt1360875,en,Katalin Varga,"In the beautiful, otherworldly Carpathian Mountains a woman is traveling with a small boy in a horse and cart, looking to punish those who once abused her. For years, Katalin has been keeping a terrible secret. Hitchhiking with two men, she was brutally raped in the woods. Although she has kept silent about what happened, she has not forgotten, and her son Ã“rban serves as a living reminder.",0.775806,/mRs1nCih0PAv97Vo75HNO9cjQ5r.jpg,"[{'name': 'Libra Film', 'id': 11191}, {'name': 'Romanian National Center for Cinematography', 'id': 35018}, {'name': 'Ross Sanders Production International', 'id': 73896}]","[{'iso_3166_1': 'RO', 'name': 'Romania'}, {'iso_3166_1': 'GB', 'name': 'United Kingdom'}]",7/10/2009,0,82,"[{'iso_639_1': 'hu', 'name': 'Magyar'}, {'iso_639_1': 'ro', 'name': 'RomÃ¢nÄƒ'}]",Released,,Katalin Varga,FALSE,7,16
FALSE,,0,"[{'id': 35, 'name': 'Comedy'}, {'id': 18, 'name': 'Drama'}]",,36940,tt1467273,it,La prima cosa bella,"The film tells the story of the Michelucci family, from the nineteen-seventies to the present day: the central character is the stunningly beautiful Anna, the lively, frivolous and sometimes embarrassing mother of Bruno and Valeria. Everything begins in the Summer of 1971, at the annual Summer beauty pageant held at Livornoâ€™s most popular bathing establishment. Anna is unexpectedly crowned â€œMost Beautiful Motherâ€ù, unwittingly stirring the violent jealousy of her husband. From then on, chaos strikes the family and for Anna, Bruno and his sister Valeria, it is the start of an adventure that will only end thirty years later. Bruno ends up living in Milan after managing to escape from Livorno and his mother. He will return to his hometown at the end of the film to be at his motherâ€™s side during her very last days.",6.883023,/dTaXwieay5cNpRDXdK4g55EdeOu.jpg,"[{'name': 'Medusa Film', 'id': 6246}]","[{'iso_3166_1': 'IT', 'name': 'Italy'}]",1/15/2010,0,122,"[{'iso_639_1': 'it', 'name': 'Italiano'}]",Released,,The First Beautiful Thing,FALSE,7,79
FALSE,"{'id': 158373, 'name': 'The Lost Skeleton Collection', 'poster_path': None, 'backdrop_path': None}",600,"[{'id': 35, 'name': 'Comedy'}, {'id': 27, 'name': 'Horror'}]",http://www.lostskeletonreturnsagain.com/,44687,tt1199494,en,The Lost Skeleton Returns Again,"THE LOST SKELETON RETURNS AGAIN takes on a whole new series of clichÃ©s, primarily drawn from those low budget adventure epics -- rich in potted ferns and stock footage -- that thrived on cheap back lots from the early 30s to the late 50s. It also wanders beyond the narrow confines of jungle pictures, parodying everything from gangster movies to those Mondo films of the 1960s, with their salacious native dances.",0.618465,/uqVxdaWj0znXo0U8ZpvvxEeJigj.jpg,"[{'name': 'bantam street', 'id': 5938}]","[{'iso_3166_1': 'US', 'name': 'United States of America'}]",8/17/2010,0,93,"[{'iso_639_1': 'en', 'name': 'English'}]",Released,So Terrifying You'll Wish It Were Only a Movie!,The Lost Skeleton Returns Again,FALSE,7,9
FALSE,,0,"[{'id': 35, 'name': 'Comedy'}, {'id': 10749, 'name': 'Romance'}]",,15702,tt0431975,fr,Peindre ou faire l'amour,"MariÃ©s depuis longtemps, William et Madeleine vivent en ville au pied des montagnes. AprÃ¨s le dÃ©part de leur fille unique, ils n'ont plus Ã  s'occuper que d'eux-mÃªmes.",1.176549,/8vGUeDdjdOhytXhlQXK4r0Q6GxP.jpg,[],"[{'iso_3166_1': 'FR', 'name': 'France'}]",8/24/2005,0,100,"[{'iso_639_1': 'fr', 'name': 'FranÃ§ais'}]",Released,,To Paint or Make Love,FALSE,7,7
FALSE,,0,"[{'id': 18, 'name': 'Drama'}]",,47979,tt1611211,de,Vincent will Meer,"Vincent, a young man who suffers from Tourette's syndrome, has just lost his mother. His father, a successful politician, does not want to take care of him and therefore places him into a mental institution. He is put into a room with Alexander, a guy with a compulsive disorder, and is shown around by Marie, an anorectic girl.",2.921322,/o0jQX8TXK45piPUcyVsugfgiWCR.jpg,"[{'name': 'Olga Film GmbH', 'id': 7930}]","[{'iso_3166_1': 'DE', 'name': 'Germany'}]",4/21/2010,0,96,"[{'iso_639_1': 'de', 'name': 'Deutsch'}]",Released,,Vincent Wants to Sea,FALSE,7,49
FALSE,,0,"[{'id': 18, 'name': 'Drama'}]",,44160,tt1571724,en,Bal,"In the remote and undeveloped eastern Black Sea region, a six-year-old boy (Yusuf) wanders through the woods searching for his lost father, trying to make sense of his life.His father is a beekeeper whose bees have disappeared unexpectedly, threatening his livelihood. A bizarre accident kills the father.There is little dialogue or music in the film. The three main characters (Yusuf and his parents) are all fairly taciturn, and the soundtrack is filled out with the sounds of the forest and the creatures that live there.The environment is a recurring theme.",1.258706,/6RzMinSthKwZUNrMFzNM6wN8TXa.jpg,"[{'name': 'Filmstiftung Nordrhein-Westfalen', 'id': 315}, {'name': 'Eurimages', 'id': 850}, {'name': 'MEDIA Programme of the European Union', 'id': 851}, {'name': 'ZDF/Arte', 'id': 11237}, {'name': 'Heimatfilm', 'id': 23406}, {'name': 'Kaplan Film', 'id': 74992}]","[{'iso_3166_1': 'FR', 'name': 'France'}, {'iso_3166_1': 'DE', 'name': 'Germany'}, {'iso_3166_1': 'TR', 'name': 'Turkey'}]",4/9/2010,0,103,"[{'iso_639_1': 'tr', 'name': 'TÃ?rkÃ§e'}]",Released,,Honey,FALSE,7,27
FALSE,,0,"[{'id': 18, 'name': 'Drama'}]",http://www.springday.co.kr,95453,tt0295192,ko,ë´„ë‚ ìù€ ê°„ë‹?,A recording engineer falls for a radio announcer after they work together to capture sounds of the natural world.,1.722802,/oEN19w8TEfPkPvjSlm8DYrVUyVQ.jpg,[],"[{'iso_3166_1': 'KR', 'name': 'South Korea'}]",9/28/2001,0,106,"[{'iso_639_1': 'ko', 'name': 'í•œêµ?ì–´/ì¡°ì„ ë§ê'}]",Released,,One Fine Spring Day,FALSE,7,13
FALSE,,0,"[{'id': 18, 'name': 'Drama'}]",,56142,tt0071585,en,Gruppo di famiglia in un interno,"Retired professor of American origin lives solitary life in luxurious palazzo in Rome He is confronted by vulgar Italian marchesa and her companions: her lover, her daughter and daughter's boyfriend and forced to rent to them an apartment on upper floor of his palazzo. From this point his quiet routine is turned into chaos by his tenants' machinations, and everybody's life is taking unexpected but inevitable turn.",8.58169,/yDkCPo1mn6sBLLeu3MMbmGXJfGn.jpg,"[{'name': 'Gaumont International', 'id': 7961}, {'name': 'Rusconi Film', 'id': 12664}]","[{'iso_3166_1': 'FR', 'name': 'France'}, {'iso_3166_1': 'IT', 'name': 'Italy'}]",12/10/1974,0,121,"[{'iso_639_1': 'en', 'name': 'English'}, {'iso_639_1': 'it', 'name': 'Italiano'}]",Released,,Conversation Piece,FALSE,7,15
FALSE,,0,"[{'id': 18, 'name': 'Drama'}]",,44441,tt0009878,de,Anders als die Andern,Conrad Veidt plays a famous musician who is blackmailed for being gay. Eventually he stands trial and is convicted. At the end the film pleads for the abolition of Â§175 (the paragraph which punishes homosexuality).,0.289991,/zGAFpvk3xnbN6PTX6Y0HwOgpMdL.jpg,"[{'name': 'Richard-Oswald-Produktion', 'id': 4853}]","[{'iso_3166_1': 'DE', 'name': 'Germany'}]",5/28/1919,0,51,"[{'iso_639_1': 'xx', 'name': 'No Language'}]",Released,,Different from the Others,FALSE,7,7
FALSE,,0,"[{'id': 99, 'name': 'Documentary'}]",http://www.praythedevilbacktohell.com,37514,tt1202203,en,Pray the Devil Back to Hell,Pray the Devil Back to Hell chronicles the remarkable story of the Liberian women who came together to end a bloody civil war and bring peace to their shattered country.,0.551061,/nZoAYfF1m2GlKzWiZ1STofjyh5v.jpg,"[{'name': 'Fork Films', 'id': 13045}, {'name': 'WNET/Thriteen', 'id': 44532}]","[{'iso_3166_1': 'US', 'name': 'United States of America'}]",11/7/2008,0,72,"[{'iso_639_1': 'en', 'name': 'English'}]",Released,,Pray the Devil Back to Hell,FALSE,7,3
FALSE,,8000000,"[{'id': 35, 'name': 'Comedy'}, {'id': 18, 'name': 'Drama'}]",http://www.anotheryear-movie.com/,44009,tt1431181,en,Another Year,"Mike Leighâ€™s much praised 2010 tragicomical drama. During a year, a very content couple approaching retirement are visited by friends and family less happy with their lives.",5.000657,/72xKJ0KwTnC6AeXDbmNoyfn1gL6.jpg,"[{'name': 'Film4', 'id': 9349}, {'name': 'Thin Man Films', 'id': 10100}]","[{'iso_3166_1': 'GB', 'name': 'United Kingdom'}]",11/5/2010,18124262,129,"[{'iso_639_1': 'en', 'name': 'English'}]",Released,,Another Year,FALSE,7,97
FALSE,,0,"[{'id': 18, 'name': 'Drama'}]",,104394,tt0043458,en,Death of a Salesman,"Based on Arthur Miller's famous play. Willy Loman is an over-the-hill salesman who faces a personal turning point when he loses his job and attempts to make peace with his family: Willy's long-suffering wife Linda, and Biff and Happy, his troubled sons and his life.",0.208379,/3Id1NfzIIeB7Zc4eAZpZ0IWWAUY.jpg,"[{'name': 'Stanley Kramer Productions', 'id': 893}]","[{'iso_3166_1': 'US', 'name': 'United States of America'}]",12/20/1951,0,115,"[{'iso_639_1': 'en', 'name': 'English'}]",Released,,Death of a Salesman,FALSE,7,2
FALSE,,0,"[{'id': 35, 'name': 'Comedy'}]",,54660,tt0082886,en,Paternity,A single man searches for a woman who will bear his baby with no strings attached.,0.000809,/rjLZKXdCJlUQtpfx36mLyr5we0X.jpg,"[{'name': 'Paramount Pictures', 'id': 4}]","[{'iso_3166_1': 'US', 'name': 'United States of America'}]",10/2/1981,0,94,"[{'iso_639_1': 'en', 'name': 'English'}]",Released,He wants YOU to have his baby,Paternity,FALSE,7,1
FALSE,,0,"[{'id': 35, 'name': 'Comedy'}]",,51360,tt0012224,en,The Goat,"A series of adventures begins when Buster is mistaken for Dead Shot Dan, the evil bad guy.",1.495106,/jwpG3VChyJZPuuhMFtTYJ161hcA.jpg,"[{'name': 'Buster Keaton Productions', 'id': 12190}, {'name': 'Joseph M. Schenck Productions', 'id': 13913}]","[{'iso_3166_1': 'US', 'name': 'United States of America'}]",5/14/1921,0,27,"[{'iso_639_1': 'xx', 'name': 'No Language'}]",Released,"A great short delivered with wit, imagination and hilarious physical comedy",The Goat,FALSE,7,21
FALSE,,600000,"[{'id': 28, 'name': 'Action'}, {'id': 18, 'name': 'Drama'}, {'id': 10752, 'name': 'War'}, {'id': 36, 'name': 'History'}, {'id': 53, 'name': 'Thriller'}]",,29032,tt0058561,en,The Secret Invasion,"During World War II, convicts are recruited by the Allies for an extremely hazardous mission.",0.284317,/iRI1hXAR25DH3nmFnrM2XIdNQU8.jpg,"[{'name': 'United Artists', 'id': 60}, {'name': 'The Corman Company', 'id': 30200}, {'name': 'San Carlos Productions', 'id': 48426}]","[{'iso_3166_1': 'US', 'name': 'United States of America'}]",9/16/1964,0,95,"[{'iso_639_1': 'en', 'name': 'English'}, {'iso_639_1': 'de', 'name': 'Deutsch'}, {'iso_639_1': 'it', 'name': 'Italiano'}]",Released,The Daring Plan; The Staggering Odds!,The Secret Invasion,FALSE,6,4
FALSE,,0,"[{'id': 35, 'name': 'Comedy'}, {'id': 10402, 'name': 'Music'}, {'id': 10749, 'name': 'Romance'}]",,43193,tt0045670,en,Dangerous When Wet,"The health conscious, dairy-farming Higgins family begin each day with an invigorating swim. One day, traveling health-tonic salesman, Windy Weebe, comes to town and suggests they could swim the English Channel. Sponsored by ""Liquapep"" and coached by Windy, the family arrive in Europe. There it is decided that daughter Katie is the only one strong enough to enter the contest. But while she should be focused on the difficult and risky task ahead, Katie is pursed by dashing Frenchman, AndrÃ© Lanet... This comedic musical is well remembered for the scene when Katie dreams she is swimming with cartoon characters Tom &amp; Jerry!",0.566233,/coosul6pLmH84zRHogwpBz5IB51.jpg,"[{'name': 'Metro-Goldwyn-Mayer (MGM)', 'id': 8411}]","[{'iso_3166_1': 'US', 'name': 'United States of America'}]",7/3/1953,0,95,"[{'iso_639_1': 'en', 'name': 'English'}]",Released,MGM's splashy Technicolor musical!,Dangerous When Wet,FALSE,6,3
FALSE,,0,"[{'id': 10751, 'name': 'Family'}]",,57789,tt0106763,en,"Double, Double, Toil and Trouble","The Farmer family is in big debts; they might lose their house soon. The seven year old Farmer twins, Kelly and Lynn, decide not to let this happen. They discover that somebody really mean and shrewd is responsible for all the problems of their family: it's their aunt Agatha! Thanks to the moon stone that she found years ago, aunt Agatha is now a witch. She has supernatural abilities but unfortunately uses them to do bad things. She is malicious and loves injuring others, even her own family. The girls must take the magic stone from Agatha.",1.602717,/3nMrq5z9b8pADKGop7aAFk0DUtP.jpg,"[{'name': 'Dualstar Productions', 'id': 6130}]","[{'iso_3166_1': 'US', 'name': 'United States of America'}]",10/30/1993,0,96,"[{'iso_639_1': 'en', 'name': 'English'}, {'iso_639_1': 'fr', 'name': 'FranÃ§ais'}, {'iso_639_1': 'pt', 'name': 'PortuguÃªs'}]",Released,,"Double, Double, Toil and Trouble",FALSE,6,25
FALSE,,0,"[{'id': 27, 'name': 'Horror'}, {'id': 53, 'name': 'Thriller'}]",,85162,tt0094969,en,Deadly Dreams,"From the director of the highly acclaimed ""Body Chemistry,"" comes a frightening excursion into terror. Alex is caught in a web of distrust between his brother, his best friend, a beautiful stranger and the renewed dreams of the slaughter of his family.",0.136398,/ovQ6ZttV3z9OPiU3oxkVUsJM5kt.jpg,"[{'name': 'Concorde Pictures', 'id': 4527}, {'name': 'Pacific Trust', 'id': 7833}]","[{'iso_3166_1': 'US', 'name': 'United States of America'}]",10/26/1988,0,79,"[{'iso_639_1': 'en', 'name': 'English'}]",Released,,Deadly Dreams,FALSE,6,1
FALSE,,0,"[{'id': 35, 'name': 'Comedy'}]",,37133,tt0030947,ru,?’???»???°-?’???»???°,"Widely claimed to be Joseph Stalin's favorite movie, this classic musical comedy is a must-see. The action takes place on a steamboat on the iconic Volga River, as two groups of performers travel to Moscow to perform in the Moscow Musical Olympiad.",0.171433,/uld5KdZbagalrzMSKXFo6kyy57s.jpg,"[{'name': 'Mosfilm', 'id': 5120}]","[{'iso_3166_1': 'RU', 'name': 'Russia'}]",4/24/1938,0,104,"[{'iso_639_1': 'ru', 'name': 'PÑƒÑÅÑÅ?º?¸??'}]",Released,,Volga - Volga,FALSE,6,4
FALSE,,500000,"[{'id': 53, 'name': 'Thriller'}, {'id': 9648, 'name': 'Mystery'}]",http://deadline-themovie.com/,273922,tt2106383,en,Deadline,"Kyle and Sarah are starting a life together in a renovated house, the same property where the original house burned down with its owner vanished a decade earlier. Despite rumors and warnings from others, the couple follows through with their move, only to encounter bizarre occurrences within the first night in their new home. When one of their friends soon disappears, Kyle and Sarah begin to suspect that they're the new targets of a cat-and-mouse game.",0.058838,/ckwu0QlhLYS4QG8u7qL49u1gk27.jpg,"[{'name': 'Tasara Films', 'id': 38128}]","[{'iso_3166_1': 'US', 'name': 'United States of America'}]",5/16/2013,0,83,"[{'iso_639_1': 'en', 'name': 'English'}]",Released,A past curse. A present evil. Who will survive?,Deadline,FALSE,6,1
FALSE,,0,"[{'id': 35, 'name': 'Comedy'}]",,42734,tt0059094,en,Dear Brigitte,"Professor Leaf, an absent-minded poet with a prejudice against the sciences, is forced to face the fact that his son is a math prodigy with little artistic talent of his own.",0.33418,/uSmLPXno4ai9bj74HCPUsxAurqd.jpg,"[{'name': 'Twentieth Century Fox Film Corporation', 'id': 306}]","[{'iso_3166_1': 'US', 'name': 'United States of America'}]",1/1/1965,0,100,"[{'iso_639_1': 'en', 'name': 'English'}]",Released,What's all the noise about?,Dear Brigitte,FALSE,6,7
FALSE,,0,"[{'id': 12, 'name': 'Adventure'}, {'id': 53, 'name': 'Thriller'}, {'id': 28, 'name': 'Action'}]",,28778,tt0058011,en,The Devil-Ship Pirates,"A pirate ship, fighting in 1588 on the side of the Spanish Armada, suffers damage and must put into a village on the British coast for repairs. The village is small and isolated and the Spanish convince the villagers that the English fleet has been defeated and that they, the Spanish, are now their masters. This results in the villagers' sullen cooperation, but rumors and unrest begin to spread and soon the Spanish pirates find themselves facing a revolt.",0.866972,/jVzwFPNnMdNumauAgldBBdLfsSC.jpg,"[{'name': 'Hammer Film Productions', 'id': 1314}]","[{'iso_3166_1': 'GB', 'name': 'United Kingdom'}]",5/15/1964,0,86,"[{'iso_639_1': 'en', 'name': 'English'}]",Released,A Hot-Blooded Crew of Cut-Throats!,The Devil-Ship Pirates,FALSE,6,3
FALSE,,0,"[{'id': 18, 'name': 'Drama'}]",,43075,tt0022735,en,The Cabin in the Cotton,Sharecropper's son Marvin tries to help his community overcome poverty and ignorance.,0.296602,/qBDUBb7cqgJczPCtYa1jq6PzFas.jpg,"[{'name': 'First National Pictures', 'id': 3245}]","[{'iso_3166_1': 'US', 'name': 'United States of America'}]",10/15/1932,0,78,"[{'iso_639_1': 'en', 'name': 'English'}]",Released,"They said this book was ""throbbing, vital, absorbing."" (N.Y. American) You'll say the same thing about the picture!",The Cabin in the Cotton,FALSE,6,6
FALSE,"{'id': 132877, 'name': 'Painted Skin Collection', 'poster_path': '/pvkqBVUS6Iwsg5IsUmCDvFvKKLd.jpg', 'backdrop_path': '/4m9HUT27MtGy9VAEz1TMu5itPJK.jpg'}",0,"[{'id': 14, 'name': 'Fantasy'}, {'id': 28, 'name': 'Action'}, {'id': 18, 'name': 'Drama'}, {'id': 53, 'name': 'Thriller'}]",,17808,tt1055300,zh,Hua pi,"Painted Skin is based on one of Pu Songling's classic short stories in Strange Stories from a Chinese Studio. Zhou Xun stars as Xiao Wei, a fox spirit that feasts on human hearts in order to maintain her lovely, youthful appearance. When General Wang Sheng (Chen Kun) 'rescues' her from a band of bandits and brings her home, trouble brews as the demon falls in love with the general.",2.676688,/7aOSlU7TdMlKZcsPy4Tcx1rernF.jpg,"[{'name': 'Golden Sun Films', 'id': 3404}, {'name': 'Ningxia Film Studio', 'id': 3406}, {'name': 'Shanghai Film Group', 'id': 3407}]","[{'iso_3166_1': 'CN', 'name': 'China'}, {'iso_3166_1': 'HK', 'name': 'Hong Kong'}, {'iso_3166_1': 'SG', 'name': 'Singapore'}]",9/25/2008,0,103,"[{'iso_639_1': 'zh', 'name': 'æ™®é€?è¯ù'}]",Released,,Painted Skin,FALSE,6,37
FALSE,,0,[],,248211,tt2343621,en,Liar's Dice,"The film follows Kamala, a young woman from Chitkul village and her girl child Manya, who embarks on a journey leaving their native land in search for her missing husband. Along this journey she encounters Nawazudin, a free spirited army deserter who helps them to get to their destination with his own selfish motive.",0.17768,/86uk08xgxgeSm2WwRWNCjrOMJ3v.jpg,[],"[{'iso_3166_1': 'IN', 'name': 'India'}]",1/18/2014,0,104,"[{'iso_639_1': 'hi', 'name': 'à??à?¿à?¨à¥çà??à¥€'}]",Released,,Liar's Dice,FALSE,6,1
FALSE,,0,[],http://www.undevalapalilula.ro/,140668,tt2332881,en,Undeva la Palilula,"The 60's, Romania. Serafim, a young doctor, is sent to the Hospital in Palilula, a small town lost somewhere on the country map, after the death of the previous pediatrician, Mr. PantelicÄƒ.",0.04619,/rB1EQi5FsMd5uytZQENOFD5OREr.jpg,"[{'name': 'Libra Film', 'id': 11191}]","[{'iso_3166_1': 'RO', 'name': 'Romania'}]",4/20/2012,0,145,"[{'iso_639_1': 'ro', 'name': 'RomÃ¢nÄƒ'}]",Released,,Somewhere in Palilula,FALSE,5,1
FALSE,,0,"[{'id': 10769, 'name': 'Foreign'}, {'id': 18, 'name': 'Drama'}]",,91552,tt2024396,es,El aÃ±o del tigre,A prison inmate escapes from his wrecked penitentiary during Chile's February 2010 earthquake.,0.129056,/tUqV1nqz6Rl0Fmrl46xkEAgzsvi.jpg,"[{'name': 'FÃ¡bula', 'id': 21546}]","[{'iso_3166_1': 'CL', 'name': 'Chile'}]",7/31/2011,0,82,"[{'iso_639_1': 'es', 'name': 'EspaÃ±ol'}]",Released,,The Year of the Tiger,FALSE,5,1
FALSE,,0,"[{'id': 80, 'name': 'Crime'}, {'id': 18, 'name': 'Drama'}, {'id': 10770, 'name': 'TV Movie'}, {'id': 53, 'name': 'Thriller'}]",,84834,tt0070000,en,Double Indemnity,"A scheming wife lures an insurance investigator into helping murder her husband and then declare it an accident. The investigator's boss, not knowing his man is involved in it, suspects murder and sets out to prove it.",0.64384,/1gcKa4rgMqtYgcLQS7RW0r6TWPL.jpg,"[{'name': 'Universal TV', 'id': 537}]","[{'iso_3166_1': 'US', 'name': 'United States of America'}]",10/13/1973,0,75,"[{'iso_639_1': 'en', 'name': 'English'}]",Released,,Double Indemnity,FALSE,5,7
FALSE,,0,"[{'id': 35, 'name': 'Comedy'}, {'id': 18, 'name': 'Drama'}]",,84839,tt0064179,en,The Comic,"An account of the rise and fall of a silent film comic, Billy Bright. The movie begins with his funeral, as he speaks from beyond the grave in a bitter tone about his fate, and takes us through his fame, as he ruins it with womanizing and drink, and his fall, as a lonely, bitter old man unable to reconcile his life's disappointments. The movie is based loosely on the life of Buster Keaton.",0.140017,/x5xG4PYVAWyN22ZN3G6ZwL5zTT4.jpg,"[{'name': 'Acre Enterprises', 'id': 14959}]","[{'iso_3166_1': 'US', 'name': 'United States of America'}]",11/19/1969,0,94,"[{'iso_639_1': 'en', 'name': 'English'}]",Released,A funny new motion picture that tells Hollywood like it was!,The Comic,FALSE,5,2
FALSE,,0,"[{'id': 18, 'name': 'Drama'}]",http://www.jeangentil.com/,81634,tt1376422,es,Jean Gentil,"Jean Remy is a Haitian man struggling to find employment in Dominican Republic. Confronted with rejection and discrimination in the city, he sets off to try his luck in the countryside. Imbued with a naturalistic grace, this deeply sympathetic portrait speaks eloquently to the trials of humanity.",0.085868,/4R0Q6OCroqjdcSHEHqgpRwAjopU.jpg,"[{'name': 'Canana Films', 'id': 1719}, {'name': 'BÃ?rbel Mauch Film', 'id': 74619}, {'name': 'Escuela Internacional de Cine y TelevisiÃ?n (EICTV)', 'id': 89823}]","[{'iso_3166_1': 'DO', 'name': 'Dominican Republic'}, {'iso_3166_1': 'DE', 'name': 'Germany'}, {'iso_3166_1': 'MX', 'name': 'Mexico'}]",4/20/2012,0,84,"[{'iso_639_1': 'en', 'name': 'English'}, {'iso_639_1': 'es', 'name': 'EspaÃ±ol'}, {'iso_639_1': 'cr', 'name': ''}]",Released,,Jean Gentil,FALSE,5,1
FALSE,,0,"[{'id': 18, 'name': 'Drama'}]",,288151,tt0106217,en,El acto en cuestiÃ?n,A mage steals a book from a stranger and becomes very famous.,0.082589,/oY15uLE2Izlh5hlH5zZVYF0Herk.jpg,[],"[{'iso_3166_1': 'NL', 'name': 'Netherlands'}, {'iso_3166_1': 'AR', 'name': 'Argentina'}]",5/1/1993,0,106,"[{'iso_639_1': 'es', 'name': 'EspaÃ±ol'}]",Released,,The Act in Question,FALSE,5,1
FALSE,,0,"[{'id': 99, 'name': 'Documentary'}]",http://portraitofwally.com/,106591,tt1919017,en,Portrait of Wally,"â€œPortrait of Wallyâ€ù, Egon Schieleâ€™s tender picture of his mistress, Walburga (â€œWallyâ€ù) Neuzil, is the pride of the Leopold Museum in Vienna. But for 13 years the painting was locked up in New York, caught in a legal battle between the Austrian museum and the Jewish family from whom the Nazis seized the painting in 1939.",0.056598,/yDtZNbMz0hVi0uMiJBOkS1kvO1r.jpg,[],[],5/11/2012,0,90,[],Released,,Portrait of Wally,FALSE,5,1
FALSE,,0,"[{'id': 35, 'name': 'Comedy'}]",,91422,tt0060760,en,"Not With My Wife, You Don't!","During the Korean War, Italian nurse Virna Lisi falls in love with two American fliers, Tony Curtis and George C. Scott. Lisi marries Curtis after he convinces her that Scott has been killed in a plane crash. She soon discovers Scott is alive, but remains happily married to Curtis until Scott re-enters their lives 14 years later. Written by Jeanne Armintrout",0.353365,/9LNMxXPECZxbjvE75jwnaVRnwoi.jpg,"[{'name': 'Fernwood-Reynard', 'id': 51719}]","[{'iso_3166_1': 'US', 'name': 'United States of America'}]",11/2/1966,0,119,"[{'iso_639_1': 'en', 'name': 'English'}]",Released,,"Not With My Wife, You Don't!",FALSE,5,1
FALSE,,0,[],,131434,tt0059859,en,Un vampiro para dos,"A marriage (Jose Luis Lopez Vazquez and Morales Gracita) decides to travel to Germany in search of work, in a desperate attempt to reconcile their marriage, as their busy life in Madrid not only be allowed. The only work they can find, however, is raised in a castle inhabited by a strange Baron (Fernando Fernan-Gomez) is actually a vampire.",0.060528,/paBXNugWzJ4omOL5yjkcthPg0YA.jpg,[],"[{'iso_3166_1': 'ES', 'name': 'Spain'}]",1/1/1965,0,91,"[{'iso_639_1': 'es', 'name': 'EspaÃ±ol'}]",Released,,Un vampiro para dos,FALSE,5,1
FALSE,,0,"[{'id': 18, 'name': 'Drama'}, {'id': 28, 'name': 'Action'}, {'id': 53, 'name': 'Thriller'}, {'id': 80, 'name': 'Crime'}, {'id': 10769, 'name': 'Foreign'}]",,36931,tt0845464,en,Hak bak do,"After working as an undercover in a triad for 8 years, Sheng (Nick Cheung) finally arrests the triad leader (Francis Ng) and resumes his duties as a police officer. However, life does not return to normal as he is faced with suspicions colleagues and even trailed by the investigations team. One day, he meets some triad members whom he has earlier befriended as an undercover. Sheng forced into a corner when asked to collaborate with them once again?",0.609931,/4F8TgdidS27a1KDB0OJI7uFA6vN.jpg,[],"[{'iso_3166_1': 'HK', 'name': 'Hong Kong'}]",8/31/2006,0,88,"[{'iso_639_1': 'cn', 'name': 'å?¿å·?è¯ù / å»£å·?è©±'}]",Released,,On the Edge,FALSE,5,6
FALSE,,0,"[{'id': 18, 'name': 'Drama'}]",,257604,tt0133904,qu,Kukuli,"Kukuli, a young llama herder, leaves her grandparents in the countryside of Cusco to attend the Feast of Mamacha Carmen in the town of Paucartambo.",0.046175,/y3l4qKVzFk0d2Bg8wxwVlQ3vhCe.jpg,[],"[{'iso_3166_1': 'PE', 'name': 'Peru'}]",1/1/1961,0,63,"[{'iso_639_1': 'qu', 'name': ''}, {'iso_639_1': 'es', 'name': 'EspaÃ±ol'}]",Released,,Kukuli,FALSE,5,1
FALSE,,0,[],,125541,tt1141663,en,Shuga,"Chouga is a beautiful, rich and beloved young woman. She is thirty and lives in Astana, the Kazak new capital. She is married to a famous scientist in his sixties and has a seven-year-old son. Her brother and sister-in-law live in Almaty. The couple is tearing apart and Chougaâ€™s brother requests her to come and try to bring them back together. There she meets  AblaÃ¯, a rich and idle young man whom she strongly feels attracted to. Once back to Astana, Chouga tries to withstand this sensual attraction about which she has a premonition of a tragic outcome.",0.039349,/p3C0G1RCUnjSqMAQdVokxPJHYu5.jpg,[],[],9/18/2007,0,91,"[{'iso_639_1': 'kk', 'name': 'Ò›?°?·?°Ò›'}]",Released,,Chouga,FALSE,5,1
FALSE,,0,"[{'id': 28, 'name': 'Action'}, {'id': 37, 'name': 'Western'}]",,37348,tt0329390,en,Monte Walsh,"Monte Walsh and Chet Rollins are long-time cowhands, working whatever ranch work comes their way, but ""nothing they can't do from a horse."" Their lives are divided between months on the range and the occasional trip into town. Monte has a long-term relationship with prostitute Martine Bernard, while Chet has fallen under the spell of the widow who owns the hardware store. Camaraderie and competition with the other cowboys fill their days, until one of the hands, Shorty Austin, loses his job and gets involved in rustling and killing. Then Monte and Chet find that their lives on the range are inexorably redirected.",0.96798,/q9ccnCy0zvV0nPxSBbqYfpmA2TY.jpg,"[{'name': 'Brandman Productions', 'id': 3025}, {'name': 'Turner Network Television (TNT)', 'id': 5730}, {'name': 'TWS Productions II', 'id': 12014}]","[{'iso_3166_1': 'US', 'name': 'United States of America'}]",1/17/2003,0,117,"[{'iso_639_1': 'en', 'name': 'English'}]",Released,,Monte Walsh,FALSE,5,10
FALSE,,0,"[{'id': 99, 'name': 'Documentary'}]",,123398,tt0096440,en,Who Killed Vincent Chin?,"This film recounts the murder of Vincent Chin, an automotive engineer mistaken as Japanese who was slain by an assembly line worker who blamed him for the competition by the Japanese auto makers that were threatening his job. It then recounts how that murderer escaped justice in the court system.",0.016318,/twhjzOyG359kV3l3kh8A8XTTvDM.jpg,[],[],3/11/1987,0,87,[],Released,,Who Killed Vincent Chin?,FALSE,5,1
FALSE,,0,"[{'id': 27, 'name': 'Horror'}, {'id': 10769, 'name': 'Foreign'}]",,59912,tt0122685,en,"Riti, magie nere e segrete orge nel trecento...",Isabel is a dead vampire and witch whose body is hanging in a basement while the owner tries to kidnap virgins for a sacrifice that could mean Isabelâ€™s resurrection. But doing this wonâ€™t be easy as the women arenâ€™t gonna give in very easily.,0.199618,/zTAmOfI8pSrDnNBjBvRSHHYSeGR.jpg,"[{'name': 'G.R.P. Cinematografica', 'id': 12727}]","[{'iso_3166_1': 'IT', 'name': 'Italy'}]",1/17/1973,0,98,"[{'iso_639_1': 'it', 'name': 'Italiano'}]",Released,,The Reincarnation of Isabel,FALSE,5,2
FALSE,,0,"[{'id': 18, 'name': 'Drama'}, {'id': 10769, 'name': 'Foreign'}]",,134215,tt1949548,en,Heroine,A female superstar struggles through the trials and tribulations of being a Bollywood actress.,1.015355,/v1QyMNUpbWJwrU0OlI3uLivrENZ.jpg,[],"[{'iso_3166_1': 'IN', 'name': 'India'}]",9/21/2012,0,140,"[{'iso_639_1': 'hi', 'name': 'à??à?¿à?¨à¥çà??à¥€'}]",Released,Unlock Your Mind This summer,Heroine,FALSE,5,15
FALSE,,0,"[{'id': 18, 'name': 'Drama'}]",,55167,tt0064558,fi,69 - Sixtynine,"Tuula's husband Jukka takes care of all domestic chores. Tuula seems to have no idea that her husband spends his evenings working as a major league ice hockey referee. She also finds out about his extra-marital affair with a female rally driver. In revenge, Tuula starts seeing her gynecologist Timo Paasi, a married man with six children.",0.108482,/oiaZNDEFBnuiwhss3ERziWvy2Qz.jpg,"[{'name': 'Omega Film AB', 'id': 7906}, {'name': 'JÃ¶rn Donner Productions', 'id': 17644}, {'name': 'FJ Filmi', 'id': 38212}]","[{'iso_3166_1': 'FI', 'name': 'Finland'}, {'iso_3166_1': 'SE', 'name': 'Sweden'}]",10/3/1969,0,98,"[{'iso_639_1': 'fi', 'name': 'suomi'}]",Released,,Sixtynine,FALSE,5,1
FALSE,,0,[],,99480,tt1937189,en,I am Jesus,A documentary on three men who claim to be the second coming of the Christian Messiah.,0.053798,/b1QJal68aLPTVUT8yL1sLfvFosR.jpg,[],[],1/28/2011,0,75,[],Released,,I am Jesus,FALSE,5,1
FALSE,,0,"[{'id': 35, 'name': 'Comedy'}]",,85502,tt2091885,cn,Dung sing sai tsau 2011,"Tens of millennia ago, eight gods who ceaselessly fought each other were exiled to earth. For generations, they have been reincarnated as mere mortals, and they won't be allowed back to heaven until they've learned to coexist in harmony. Then in today's Hong Kong, a mortuary beautician and her has-been singer dad are chased for a huge sum of money they don't owe. Turns out her materialistic stepmom has taken a tycoon's advance payment on the false promise of organizing a concert that she can't deliver. The family is therefore forced to go on the run, and along the way they meet an assortment of quirky people, including a mute baker, a kung fu cab driver, an aspiring musician and her crafty sidekick. Through a series of comic misadventures, the seven of them come to realize that they used to be gods and have a mission in this life, but...who is the eighth god that has yet to rejoin them?",0.170936,/tUnNXUI4PZ6DGhsM777H90CONZW.jpg,[],"[{'iso_3166_1': 'HK', 'name': 'Hong Kong'}]",11/24/2011,0,100,"[{'iso_639_1': 'cn', 'name': 'å?¿å·?è¯ù / å»£å·?è©±'}]",Released,,East Meets West,FALSE,5,1
FALSE,,5000000,"[{'id': 18, 'name': 'Drama'}, {'id': 80, 'name': 'Crime'}]",http://www.springbreakersmovie.com/,122081,tt2101441,en,Spring Breakers,"After four college girls rob a restaurant to fund their spring break in Florida, they get entangled with a weird dude with his own criminal agenda.",14.830235,/nDs6gn1VH5MmF7l8G8UABBBX0G1.jpg,"[{'name': 'RabbitBandini Productions', 'id': 8924}, {'name': 'Division Films', 'id': 14036}, {'name': 'Pop Films', 'id': 14531}, {'name': 'Radar Pictures', 'id': 14718}, {'name': 'Muse Productions', 'id': 15231}, {'name': 'MJZ', 'id': 17719}, {'name': ""O' Salvation"", 'id': 26676}, {'name': 'Iconoclast', 'id': 78780}]","[{'iso_3166_1': 'FR', 'name': 'France'}, {'iso_3166_1': 'US', 'name': 'United States of America'}]",1/24/2013,31724284,94,"[{'iso_639_1': 'en', 'name': 'English'}]",Released,A little sun can bring out your dark side.,Spring Breakers,FALSE,5,1580
FALSE,,0,"[{'id': 36, 'name': 'History'}, {'id': 18, 'name': 'Drama'}]",,130816,tt0020620,en,Abraham Lincoln,"Silent film master D.W. Griffith's first talkie works as a companion piece to his classic BIRTH OF A NATION, providing a detailed biographical sketch of the 16th president. We see his birth in a log cabin, the tragic death of his first love, Ann Rutledge (Una Merkel), his debates with Douglas, his accepting of the presidency, the terrible toll of the Civil War, and finally the tragic assassination at Ford's Theater. Griffith shows his usual meticulous attention to period detail, and the framing of the various vignettes has the feel of historical photographs come to life. Walter Huston is excellent in the title role, with a portrayal that subtly evolves from laconic, wizened rascal to noble elder statesman. This is a fascinating, worthy film, and an interesting historical document in and of itself.",1.14295,/jat652dVfzIBzFbtQdIeDp6ihlo.jpg,"[{'name': 'D.W. Griffith Productions', 'id': 4759}, {'name': 'Feature Productions', 'id': 13914}]","[{'iso_3166_1': 'US', 'name': 'United States of America'}]",11/8/1930,0,96,"[{'iso_639_1': 'en', 'name': 'English'}]",Released,"The wonder film of the century, about the most romantic figure who ever lived!",Abraham Lincoln,FALSE,5,7
FALSE,,0,[],,189364,tt0497411,es,Miguel and William,A romantic comedy inventing a friendship between Cervantes and Shakespeare who both fall in love with a beautiful Spanish woman.,0.566517,/qRLBN4V9UrezQnD4li2GERVP3b9.jpg,[],[],2/2/2007,0,0,"[{'iso_639_1': 'es', 'name': 'EspaÃ±ol'}]",Released,,Miguel and William,FALSE,5,3
FALSE,,3000000,"[{'id': 18, 'name': 'Drama'}, {'id': 28, 'name': 'Action'}]",,96404,tt0087001,en,A Breed Apart,A conservationist and a widow meet a mountain climber hired to steal bald-eagle eggs.,0.218525,/gGXFH6wAoQR5r9bG3mCVGj3t6G.jpg,"[{'name': 'Hemdale Film', 'id': 3952}, {'name': 'Sagittarius Productions', 'id': 18170}]","[{'iso_3166_1': 'US', 'name': 'United States of America'}]",7/1/1984,0,95,"[{'iso_639_1': 'en', 'name': 'English'}, {'iso_639_1': 'de', 'name': 'Deutsch'}]",Released,One Man Protects a Secret. The Other Tries To Steal It. And Only One Woman Can Stop Them from Destroying Each Other. Together They Are . . . A Breed Apart.,A Breed Apart,FALSE,5,6
FALSE,,6000000,"[{'id': 18, 'name': 'Drama'}, {'id': 53, 'name': 'Thriller'}]",,65650,tt1582271,en,The Good Doctor,"Dr. Martin Blake, who has spent his life looking for respect, meets an 18-year-old patient named Diane, suffering from a kidney infection, and gets a much-needed boost of self-esteem. However, when her health starts improving, Martin fears losing her, so he begins tampering with her treatment, keeping Diane sick and in the hospital right next to him.",8.278079,/qAkb7Rm9dMVz3wJuSXmj0wiJTd7.jpg,[],"[{'iso_3166_1': 'US', 'name': 'United States of America'}]",1/1/2011,5206,93,"[{'iso_639_1': 'en', 'name': 'English'}, {'iso_639_1': 'es', 'name': 'EspaÃ±ol'}]",Released,Do no harm.,The Good Doctor,FALSE,5,52
FALSE,,0,"[{'id': 99, 'name': 'Documentary'}]",http://www.thewhalemovie.com/,77880,tt1708537,en,The Whale,"THE WHALE tells the true story of a young, wild killer whale - an orca - nicknamed Luna, who lost contact with his family on the coast of British Columbia and turned up alone in a narrow stretch of sea between mountains, a place called Nootka Sound.",0.961196,/74JgWMFBXDKVVB17ZzlhuWApa2j.jpg,"[{'name': 'Kinosmith', 'id': 8059}, {'name': 'Mountainside Films', 'id': 8060}]","[{'iso_3166_1': 'CA', 'name': 'Canada'}]",9/9/2011,0,89,"[{'iso_639_1': 'en', 'name': 'English'}]",Released,Friendship is bigger than we know.,The Whale,FALSE,5,8
FALSE,,0,"[{'id': 28, 'name': 'Action'}, {'id': 12, 'name': 'Adventure'}, {'id': 35, 'name': 'Comedy'}]",,20989,tt0397853,en,18 Fingers of Death!,"The ""buzz"" in Hollywood is that, ""18 FINGERS OF DEATH!"" will kick the butt out of the low budget martial arts movies genre and knocks us down to the ground laughing! This funny ""sockumentart"" of the world of Chop sockey, kung fooey, ninja poo poo, karate kidding croutching tiger stuff takes you on the journey of making martial arts movies at it's lowest.",0.142365,/pXi2jyo8JfvcYDRR8HktEGkbcPI.jpg,[],[],4/11/2006,0,87,[],Released,,18 Fingers of Death!,FALSE,5,3
FALSE,,0,"[{'id': 99, 'name': 'Documentary'}]",http://www.sodapictures.com/cinema/183/,96535,tt2118702,en,Patience (After Sebald),"A richly textured essay film on landscape, art, history, life and loss, Patience (After Sebald) offers a unique exploration of the work of internationally acclaimed writer W.G. Max Sebald (1944 - 2001) via a walk through East Anglia tracking his most influential book, The Rings of Saturn. The much anticipated new feature by the Grierson Award-winning director of Joy Division, Patience is the first film about Sebald internationally, marking ten years since the writer's untimely death, and with contributions from major writers, artists and film-makers.",0.414932,/4KNdOBeFfdFL8Crd1Coex2X1fcb.jpg,[],"[{'iso_3166_1': 'GB', 'name': 'United Kingdom'}]",1/27/2012,0,90,"[{'iso_639_1': 'en', 'name': 'English'}]",Released,,Patience (After Sebald),FALSE,5,1
FALSE,,0,"[{'id': 12, 'name': 'Adventure'}, {'id': 14, 'name': 'Fantasy'}, {'id': 878, 'name': 'Science Fiction'}]",,55663,tt0053768,en,Dinosaurus!,"After undersea explosions near a Caribbean island, prehistoric creatures are unleashed on the unsuspecting population.",0.512911,/m6zbtjGpC1lXr9H1sucooumRzbN.jpg,"[{'name': 'Fairview Productions', 'id': 71109}]","[{'iso_3166_1': 'US', 'name': 'United States of America'}]",8/10/1960,0,85,"[{'iso_639_1': 'en', 'name': 'English'}, {'iso_639_1': 'de', 'name': 'Deutsch'}]",Released,,Dinosaurus!,FALSE,5,10
FALSE,,0,"[{'id': 35, 'name': 'Comedy'}, {'id': 10749, 'name': 'Romance'}]",,79816,tt0120316,en,Thank God He Met Lizzie,The romantic myth is exposed for Guy when he is plagued by memories of an old girlfriend on his wedding day.,0.402696,/v5etP6khJjWo6mPgRwwM9qMpufP.jpg,[],[],11/20/1997,0,91,"[{'iso_639_1': 'de', 'name': 'Deutsch'}]",Released,,Thank God He Met Lizzie,FALSE,5,3
FALSE,,0,"[{'id': 99, 'name': 'Documentary'}]",,84171,tt2085741,en,About Face: Supermodels Then and Now,"An intimate view of the women whose images have defined our sense of beauty over the past five decades. An uncensored look at many of the biggest names in modeling, the movie reveals the stories behind the magazine covers displaying these multicultural pioneers. Each woman is candidly interviewed in the studio and shares her experiences, ideas on longevity, and philosophy of life in the fashion industry. Elegant archival footage and interviews with designer Calvin Klein and agency head Eileen Ford round out this absorbing chronicle.",0.622835,/eFZpdD72JgIQ6QVhMUnDCV34CAt.jpg,[],"[{'iso_3166_1': 'US', 'name': 'United States of America'}]",7/23/2012,0,75,"[{'iso_639_1': 'en', 'name': 'English'}]",Released,"The Supermodels, Then And Now",About Face: Supermodels Then and Now,FALSE,5,1
FALSE,,0,[],,293089,tt0105651,en,Tuhlaajapoika,Film by Veikko Aaltonen,0.000431,/9f3PDfN7XXG89Cm9RkX1jC80eZ6.jpg,[],[],10/30/1992,0,97,[],Released,,The Prodigal Son,FALSE,5,1
FALSE,,0,"[{'id': 53, 'name': 'Thriller'}, {'id': 18, 'name': 'Drama'}]",,125140,tt2093099,de,Die Wahrheit der LÃ?ge,"Two women are held hostage in a deep basement of an abandoned industrial site. They're chained to the wall, sharing a moldy mattress, some food and a bucket. From time to time their captor drops by in order to torture them, to drive them to the point of breaking. Unfortunately, early into the kidnapping, the captor has made a mistake by letting them know when exactly he is going to release them. On one hand, this gives hope to the women, on the other hand this creates the necessity for maximum cruelty on the captor's side as he wants to break them for that little project of his. The whole situation threatens to escalate when the captor's partner in crime suddenly shows up and makes new demands.",0.420241,/fxQwSbE0GcvVeV4CyR5SKH6NHq9.jpg,[],[],10/27/2011,0,98,"[{'iso_639_1': 'de', 'name': 'Deutsch'}]",Released,,The Truth of Lie,FALSE,5,1
FALSE,,0,"[{'id': 99, 'name': 'Documentary'}]",http://www.seekingasianfemale.com/,96090,tt2320029,en,Seeking Asian Female,"Seeking Asian Female is an eccentric modern love story about Steven and Sandy â€“ an aging white man with â€œyellow feverâ€ù who is obsessed with marrying any Asian woman, and the young Chinese bride he finds online. Debbie, a Chinese American filmmaker, documents and narrates with skepticism and humor, from the early stages of Stevenâ€™s search, through the moment Sandy steps foot in California for the first time, to a year into their precarious union. Global migration, Sino-American relations and the perennial battle of the sexes, weigh in on the fate of their marriage in this intimate and quirky personal documentary.",0.336686,/wXMH46oElGgce9XhK6TuOOKPf3K.jpg,[],[],3/12/2012,0,80,"[{'iso_639_1': 'en', 'name': 'English'}, {'iso_639_1': 'zh', 'name': 'æ™®é€?è¯ù'}]",Released,,Seeking Asian Female,FALSE,5,1
FALSE,,0,"[{'id': 35, 'name': 'Comedy'}]",,186606,tt2782834,en,iSteve,A comedic look at the life of Steve Jobs.,1.589559,/1rnrSexwNH7YhadghgtTRgjw83T.jpg,[],[],4/14/2013,0,79,"[{'iso_639_1': 'en', 'name': 'English'}]",Released,,iSteve,FALSE,5,20
FALSE,,0,"[{'id': 28, 'name': 'Action'}]",,183015,tt0164336,fr,American Kickboxer 2,"Two rivals, one a cop and the other a martial arts teacher team up to save a little girl from a terrorist and his henchmen.",0.869784,/bEBsDFbJ7lln6oBCt1TkXHu8aNC.jpg,"[{'name': 'Cannon Films', 'id': 4110}]","[{'iso_3166_1': 'US', 'name': 'United States of America'}, {'iso_3166_1': 'PH', 'name': 'Philippines'}]",8/4/1993,0,93,[],Released,"Twice The Action, Twice The Danger, Twice The Excitement!",American Kickboxer 2,FALSE,5,3
FALSE,,0,"[{'id': 18, 'name': 'Drama'}]",,82662,tt1825842,it,L'industriale,,1.025725,/dUWbkUjF10gKkqVnTZ0I61BK40n.jpg,[],"[{'iso_3166_1': 'IT', 'name': 'Italy'}]",1/13/2011,0,94,"[{'iso_639_1': 'it', 'name': 'Italiano'}]",Released,,L'industriale,FALSE,5,13
FALSE,,0,"[{'id': 27, 'name': 'Horror'}, {'id': 878, 'name': 'Science Fiction'}]",http://www.astron-6.com/manborg.html,53101,tt2060525,en,Manborg,"The evil Count Draculon and his army of demons have conquered Earth, but a young soldier who lost his life in the first war against Hell has reawakened in the future as MANBORG! Together with a crew of post-apocalyptic rebels, the half-man half-machine hero will fight to defeat Draculon and take back the planet!",2.274115,/7CUgqkDSJFdhMCVa8PaiU42S1i1.jpg,"[{'name': 'Astron-6 Video International', 'id': 6587}]","[{'iso_3166_1': 'CA', 'name': 'Canada'}]",9/22/2011,0,75,"[{'iso_639_1': 'en', 'name': 'English'}]",Released,Revenge is Back,Manborg,FALSE,5,24
FALSE,,0,"[{'id': 18, 'name': 'Drama'}, {'id': 28, 'name': 'Action'}, {'id': 53, 'name': 'Thriller'}, {'id': 10749, 'name': 'Romance'}]",,68761,tt0118782,en,A Brooklyn State of Mind,"Al Stanco has lived all of his life in Brooklyn and does some work for the local crime lord, Danny Parente. New to the neighbourhood is Gabriela, a filmmaker shooting a documentary on the real Brooklyn. Al and Gabriela become friendly but the relationship is strained when he discovers her true goal is to expose Parente's criminal activities. When Al sees the evidence Gabriela has uncovered, which implicates Parente in the death of many locals (including Al's own father), he seeks revenge in a dangerous confrontation with his boss.",0.322091,/u3Jxb36R9CeSXQa4OKzYvYLVCDi.jpg,[],"[{'iso_3166_1': 'US', 'name': 'United States of America'}]",1/1/1998,0,89,"[{'iso_639_1': 'en', 'name': 'English'}]",Released,,A Brooklyn State of Mind,FALSE,5,1
FALSE,,0,"[{'id': 53, 'name': 'Thriller'}, {'id': 9648, 'name': 'Mystery'}]",,82501,tt1605777,en,La femme du VÃ¨me,An American writer moves to Paris to be closer to his daughter and finds himself falling immediately on hard times.,5.829328,/4lUAxa9wB3IXVqSWXryjvfjZQ9c.jpg,"[{'name': 'Haut et Court', 'id': 726}, {'name': 'UK Film Council', 'id': 2452}, {'name': 'Canal+', 'id': 5358}, {'name': 'Backup Films', 'id': 5381}, {'name': 'Polish Film Institute', 'id': 6555}, {'name': 'SoficinÃ©ma 6', 'id': 7457}, {'name': 'Coficup', 'id': 8352}, {'name': 'Film4', 'id': 9349}, {'name': 'The Bureau', 'id': 10441}, {'name': 'Memento Films International', 'id': 10949}, {'name': 'Orange CinÃ©ma SÃ©ries', 'id': 11620}, {'name': 'SPI International', 'id': 11894}, {'name': 'Artificial Eye', 'id': 11895}]","[{'iso_3166_1': 'FR', 'name': 'France'}, {'iso_3166_1': 'PL', 'name': 'Poland'}, {'iso_3166_1': 'GB', 'name': 'United Kingdom'}]",11/16/2011,0,85,"[{'iso_639_1': 'en', 'name': 'English'}, {'iso_639_1': 'fr', 'name': 'FranÃ§ais'}]",Released,"What you can not resist, you may not survive",The Woman in the Fifth,FALSE,5,29
FALSE,,0,"[{'id': 35, 'name': 'Comedy'}]",,208700,tt2400975,ja,ãƒœã‚¯ãÅŸãÅ¡ãÅ®äº?æè›æ—¥è¨˜,"The movie follows the life of an unpopular comedy duo. The duo, called ""Boso Swimmers"", have been working together for 12 years, but the duo sees little future in their comedy careers. They then begin to write their thoughts in a diary",1.355089,/lt2o7lTWCWyYLdcGnQYQpl9RITw.jpg,"[{'name': 'Showgate', 'id': 17392}]","[{'iso_3166_1': 'JP', 'name': 'Japan'}]",3/22/2013,0,115,"[{'iso_639_1': 'ja', 'name': 'æ—¥æœ¬èª?'}]",Released,,The Last Chance: Diary of Comedians,FALSE,5,1
FALSE,,0,"[{'id': 80, 'name': 'Crime'}, {'id': 18, 'name': 'Drama'}]",,28258,tt0022357,en,The Secret Six,"Bootlegger/cafe owner, Johnny Franks  recruits crude working man Scorpio to join his gang, masterminded by crooked criminal defense lawyer Newton. Scorpio eventually takes over Frank's operation, beats a rival gang, becomes wealthy and dominates the city for several years until a secret group of 6 masked businessmen have him prosecuted and sent to the electric chair.",0.767608,/guRseWNsGbCwCyUEqe3OwCQc21x.jpg,"[{'name': 'Metro-Goldwyn-Mayer', 'id': 21}]","[{'iso_3166_1': 'US', 'name': 'United States of America'}]",4/18/1931,0,83,"[{'iso_639_1': 'en', 'name': 'English'}]",Released,,The Secret Six,FALSE,5,4
FALSE,,0,"[{'id': 10752, 'name': 'War'}, {'id': 99, 'name': 'Documentary'}]",,155596,tt0124169,ja,æù±äº¬è£Ååˆ?,"One of the major documentaries on a specific chapter in modern Japanese history, this look at the trial of Japanese militarists accused of war crimes is excellently handled by director Masaki Kobayashi. Kobayashi and his assistants had to plough through 30,000 reels from the proceedings of the International Military Tribunal which took place between May, 1946 and November, 1948. It took two days to read the charges against the 100 alleged war criminals in the docket (only 28 top officials are actually in the courtroom, which was limited in space), and the final judgment took one week to read.",0.172495,/tcvZ95IZFGvx8GwLvVsxRsf6LQC.jpg,"[{'name': 'KÃ´dansha', 'id': 59118}]","[{'iso_3166_1': 'JP', 'name': 'Japan'}]",6/4/1983,0,277,"[{'iso_639_1': 'en', 'name': 'English'}, {'iso_639_1': 'ja', 'name': 'æ—¥æœ¬èª?'}]",Released,,Tokyo Trial,FALSE,5,1
FALSE,,0,"[{'id': 18, 'name': 'Drama'}]",,95771,tt0074259,en,Bush Mama,"Bush Mama is the story of Dorothy and her husband T.C. He is a discharged Vietnam veteran who thought he would return home to a ""hero's welcome."" Instead he is falsely arrested and imprisoned for a crime he didn't commit. Her life revolves around the welfare office and a community facing poverty and unemployment. As a result of the film's events, both the main characters become radicalized and Dorothy eventually turns to violence.  Bush Mama is an American film made by Ethiopian-American director Haile Gerima, part of the L.A. Rebellion movement of political and experimental black cinema in the 1970s. It was released in 1979 though made earlier, in 1975.",0.069994,/t7j2ZV157zK9bVAb5rOFXeR1EnA.jpg,[],"[{'iso_3166_1': 'US', 'name': 'United States of America'}]",9/1/1979,0,97,"[{'iso_639_1': 'en', 'name': 'English'}]",Released,,Bush Mama,FALSE,5,1
FALSE,,130000000,"[{'id': 878, 'name': 'Science Fiction'}, {'id': 28, 'name': 'Action'}, {'id': 12, 'name': 'Adventure'}]",,82700,tt1815862,en,After Earth,"One thousand years after cataclysmic events forced humanity's escape from Earth, Nova Prime has become mankind's new home. Legendary General Cypher Raige returns from an extended tour of duty to his estranged family, ready to be a father to his 13-year-old son, Kitai. When an asteroid storm damages Cypher and Kitai's craft, they crash-land on a now unfamiliar and dangerous Earth. As his father lies dying in the cockpit, Kitai must trek across the hostile terrain to recover their rescue beacon. His whole life, Kitai has wanted nothing more than to be a soldier like his father. Today, he gets his chance.",10.747642,/d0vReo0jcMhBjCLYZAFqWHcb7Lj.jpg,"[{'name': 'Columbia Pictures', 'id': 5}, {'name': 'Blinding Edge Pictures', 'id': 12236}, {'name': 'Overbrook Entertainment', 'id': 12485}]","[{'iso_3166_1': 'US', 'name': 'United States of America'}]",5/30/2013,243843127,100,"[{'iso_639_1': 'en', 'name': 'English'}]",Released,"Danger is real, fear is a choice",After Earth,FALSE,5,2579
FALSE,,0,"[{'id': 35, 'name': 'Comedy'}, {'id': 18, 'name': 'Drama'}]",,111172,tt1341718,en,Fairhaven,Long-time friends reconnect when one returns to their small Massachusetts town for a funeral.,1.283474,/jh7T923wQur1Y8GkVvNVk6IARs1.jpg,[],"[{'iso_3166_1': 'US', 'name': 'United States of America'}]",6/17/2012,0,81,"[{'iso_639_1': 'en', 'name': 'English'}]",Released,,Fairhaven,FALSE,5,3
FALSE,,0,"[{'id': 99, 'name': 'Documentary'}, {'id': 10769, 'name': 'Foreign'}]",,99453,tt1172992,en,Derek,"Derek, in chronological order, records the work and life that stands at the foot of Derek Jarman's humour and spirit of being an artist. The filmmaker and actress, Isaac Julien and Tilda Swinton respectively, have produced and narrated a film on his life whereby the use of language is perpetuated to give some type of palpable meaning to British audiences alone, and to their own personal relationship with him.",0.466088,/j7dJr1G9VlQidWCBNA7R45Ybg7R.jpg,[],"[{'iso_3166_1': 'GB', 'name': 'United Kingdom'}]",2/19/2008,0,76,"[{'iso_639_1': 'en', 'name': 'English'}]",Released,,Derek,FALSE,5,1
FALSE,,0,"[{'id': 28, 'name': 'Action'}, {'id': 53, 'name': 'Thriller'}]",,118737,tt2061712,en,Interview with a Hitman,An elite hitman returns to erase his past only to find that somebody has messed with his future.,10.04115,/hHHKhK6SyjVp5vbcaiIKn9QfXaW.jpg,"[{'name': 'Scanner-Rhodes Productions', 'id': 3349}, {'name': 'Kirlian Pictures', 'id': 21745}, {'name': 'Northstar Ventures', 'id': 21746}, {'name': 'Northern Film and Media', 'id': 21747}]","[{'iso_3166_1': 'GB', 'name': 'United Kingdom'}]",7/20/2012,0,95,"[{'iso_639_1': 'en', 'name': 'English'}]",Released,,Interview with a Hitman,FALSE,5,52
FALSE,,0,"[{'id': 28, 'name': 'Action'}, {'id': 10752, 'name': 'War'}]",,124227,tt0062688,en,Attack on the Iron Coast,"Attack on the Iron Coast is a 1967 British-American Oakmont Productions international co-production war film directed by Paul Wendkos in the first of his five picture contract with Mirisch Productions, and starring Lloyd Bridges, Andrew Keir, Sue Lloyd, Mark Eden and Maurice Denham. The film depicts an account of Allied Combined Operations Headquarters commandos executing a daring raid on the German-occupied French coast during the Second World War. The film is based on the commando raid on the French port of St. Nazaire and is reminiscent of the film The Gift Horse. In the United States it was released as a double feature with Danger Route.",0.984142,/uci6lN6oT1IOPLQAXmdPjUDmlKM.jpg,"[{'name': 'Mirisch Films', 'id': 14829}, {'name': 'Oakmont Productions', 'id': 14830}]","[{'iso_3166_1': 'US', 'name': 'United States of America'}, {'iso_3166_1': 'GB', 'name': 'United Kingdom'}]",6/5/1968,0,89,"[{'iso_639_1': 'en', 'name': 'English'}, {'iso_639_1': 'es', 'name': 'EspaÃ±ol'}]",Released,They turned a dead ship into a live bomb and sailed it down the throat of the enemy!,Attack on the Iron Coast,FALSE,5,3
FALSE,,0,"[{'id': 18, 'name': 'Drama'}]",,63923,tt0844742,jv,Opera Jawa,"This is the story about Setyo, Siti and Ludiro, who were the performer of Javanese Ramayana's Wayang Wong. Setyo and Siti are spouse who live in a village by selling earthenware products. In the village, live as well Ludiro, the head of the stockyard, who is very wealthy and secretly in love with Siti. Conflicts arrived as Setyo's earthenware company is going bankrupt and Siti started to took notice in Ludiro's desire to win her love. These triangle love transform into a civil war in the village that brings not only extremity and injustice, but also the death of the loved ones.",0.076219,/9u8ONmWbUACStQq8HReqGpFC4PA.jpg,"[{'name': 'Visions Sud Est', 'id': 12381}, {'name': 'SET Film Workshop', 'id': 72759}, {'name': 'New Crowned Hope', 'id': 78242}]","[{'iso_3166_1': 'ID', 'name': 'Indonesia'}, {'iso_3166_1': 'AT', 'name': 'Austria'}]",8/7/2006,0,120,"[{'iso_639_1': 'id', 'name': 'Bahasa indonesia'}, {'iso_639_1': 'jv', 'name': ''}]",Released,,Opera Jawa,FALSE,5,1
FALSE,,0,"[{'id': 27, 'name': 'Horror'}]",,127884,tt2341664,en,Come Out and Play,"Beth (Vinessa Shaw) and Francis (Ebon Moss-Bachrach), a young married couple, are on holiday together when they venture to a beautiful, but highly remote, island. Beth is pregnant and the two are hoping to enjoy their last vacation before their baby is born. When they arrive, they notice that while there are plenty of children present, the adults all seem to be missing. Initially attributing this to the after effects of a recent festival, they quickly realize something far more sinister is afoot. The two will face terror and unsettling difficult decisions in their quest to make it off the island alive.",8.568944,/Wsz4F4HaI1GzQdJ4ZG6MZpODaA.jpg,"[{'name': 'Canana Films', 'id': 1719}, {'name': 'Videocine S.A. de C.V.', 'id': 17024}]","[{'iso_3166_1': 'MX', 'name': 'Mexico'}]",9/13/2012,0,87,"[{'iso_639_1': 'en', 'name': 'English'}, {'iso_639_1': 'es', 'name': 'EspaÃ±ol'}]",Released,"Come out, come out, wherever you are.",Come Out and Play,FALSE,5,35
